Date,Service Category,Marketing Channel,Season,Customer Type,Ad Spend,Conversions,Daily Revenue
2025-03-13,Cleaning,Flyers,Fall,Returning,40.74,9,303.06
2024-11-19,HVAC Repair,Yelp,Fall,Returning,103.26,2,72.33
2024-08-12,HVAC Repair,Flyers,Winter,New,63.71,6,95.32
2024-09-01,Electrician,Referral,Spring,New,196.08,3,113.52
2024-08-19,Cleaning,Flyers,Winter,Returning,42.43,7,159.32
2024-12-24,Plumbing,Referral,Winter,Returning,19.08,4,169.15
2024-08-31,Plumbing,Yelp,Winter,New,87.76,6,54.4
2025-02-27,Plumbing,Referral,Summer,Returning,109.9,5,178.52
2025-03-19,Cleaning,Yelp,Fall,New,141.06,8,47.11
2025-04-18,Electrician,Referral,Winter,Returning,90.53,6,57.62
2025-03-12,HVAC Repair,Yelp,Fall,New,27.77,4,160.92
2024-07-26,HVAC Repair,Yelp,Fall,New,59.09,1,38.74
2025-03-14,Plumbing,Google,Fall,Returning,74.31,10,386.34
2024-07-16,Electrician,Referral,Fall,New,164.87,4,92.85
2024-10-15,Electrician,Google,Summer,Returning,155.03,2,82.26
2024-05-27,Plumbing,Referral,Spring,New,161.71,7,255.16
2025-03-15,Electrician,Yelp,Fall,New,25.89,7,227.8
2024-09-12,Cleaning,Flyers,Spring,New,188.62,5,211.62
2024-11-10,HVAC Repair,Referral,Fall,New,16.52,1,48.72
2025-04-27,Plumbing,Referral,Winter,Returning,25.24,8,264.36
2024-08-01,Cleaning,Yelp,Winter,New,133.03,7,256.51
2024-11-22,HVAC Repair,Google,Fall,Returning,90.99,7,294.01
2025-01-16,Cleaning,Yelp,Spring,Returning,63.04,6,296.12
2024-07-04,Plumbing,Flyers,Fall,New,106.67,3,25.34
2025-03-10,Plumbing,Flyers,Fall,New,27.99,7,342.29
2024-12-12,Electrician,Flyers,Winter,Returning,54.05,4,56.22
2024-05-21,HVAC Repair,Flyers,Spring,Returning,24.23,9,446.29
2025-02-25,Plumbing,Referral,Summer,New,163.94,7,128.84
2024-11-02,Cleaning,Flyers,Fall,Returning,148.57,10,437.99
2024-12-24,HVAC Repair,Yelp,Winter,Returning,117.29,10,334.41
2025-03-25,Cleaning,Referral,Fall,Returning,194.52,4,191.88
2024-07-27,Cleaning,Google,Fall,New,124.35,9,219.19
2025-02-19,Plumbing,Yelp,Summer,Returning,174.11,5,65.1
2025-01-17,Cleaning,Flyers,Spring,Returning,74.38,7,249.2
2024-10-29,Cleaning,Yelp,Summer,Returning,190.61,5,42.16
2025-03-17,Electrician,Yelp,Fall,New,28.87,7,193.87
2024-05-10,Plumbing,Google,Spring,Returning,14.87,1,35
2025-02-13,Plumbing,Flyers,Summer,Returning,63.88,7,287.6
2025-03-18,Cleaning,Flyers,Fall,New,61.59,3,30.08
2024-05-09,Plumbing,Referral,Spring,New,139.57,8,166.87
2024-12-15,HVAC Repair,Flyers,Winter,Returning,65.68,7,49.15
2025-01-09,Plumbing,Flyers,Spring,New,90.38,6,217.14
2024-11-02,Plumbing,Flyers,Fall,Returning,130.52,8,360.51
2025-01-23,Plumbing,Referral,Spring,Returning,12.37,7,334.74
2024-10-28,HVAC Repair,Referral,Summer,Returning,151.86,10,430.55
2024-05-25,HVAC Repair,Referral,Spring,Returning,143.02,7,226.63
2024-10-22,Plumbing,Google,Summer,Returning,152.57,2,38.89
2024-07-22,Electrician,Yelp,Fall,Returning,173.74,4,52.8
2025-03-19,Electrician,Referral,Fall,New,72.65,1,11.07
2024-09-21,Electrician,Flyers,Spring,Returning,119.7,2,59.1
2024-07-22,HVAC Repair,Flyers,Fall,New,154.84,2,65.57
2024-09-11,HVAC Repair,Flyers,Spring,Returning,168.72,8,113.65
2025-01-07,Electrician,Google,Spring,Returning,92.24,9,200.4
2025-04-25,Plumbing,Yelp,Winter,Returning,66.66,6,56.73
2024-12-18,Electrician,Yelp,Winter,Returning,191.85,3,80
2024-12-16,Plumbing,Flyers,Winter,New,98.76,3,60.68
2024-08-28,Electrician,Flyers,Winter,New,138.37,3,55.67
2024-12-07,HVAC Repair,Flyers,Winter,New,198.65,3,62.66
2024-08-10,Cleaning,Yelp,Winter,New,171.2,8,324.48
2025-02-24,Plumbing,Google,Summer,Returning,138.03,3,56.97
2024-11-16,Electrician,Referral,Fall,New,109.53,7,188.35
2025-02-15,Plumbing,Google,Summer,New,177.22,8,200.12
2025-02-19,Plumbing,Google,Summer,Returning,62.39,9,364.22
2025-04-02,HVAC Repair,Referral,Winter,Returning,169.35,2,10.24
2025-03-08,Cleaning,Flyers,Fall,Returning,60.98,1,37.02
2024-05-06,Plumbing,Referral,Spring,Returning,101.22,6,97.31
2024-06-30,Cleaning,Google,Summer,New,45.53,6,231.37
2025-01-05,Cleaning,Flyers,Spring,Returning,102.28,9,341.66
2025-02-20,Cleaning,Yelp,Summer,Returning,15.84,5,68.49
2024-12-11,Electrician,Yelp,Winter,Returning,153.38,4,53.67
2025-03-16,Electrician,Referral,Fall,Returning,73.31,5,235.77
2025-03-26,Cleaning,Google,Fall,Returning,113.88,6,158.23
2024-06-26,Cleaning,Flyers,Summer,Returning,79.23,8,171.41
2024-05-20,Electrician,Google,Spring,Returning,124.7,10,203.07
2025-01-24,Plumbing,Yelp,Spring,New,101.29,10,410.99
2024-11-12,Plumbing,Flyers,Fall,New,140.17,4,59.8
2025-03-07,Cleaning,Yelp,Fall,New,175,9,176.02
2025-03-05,Cleaning,Google,Fall,New,73.96,4,49.53
2024-10-15,Plumbing,Flyers,Summer,New,31.33,4,57.31
2024-11-19,Electrician,Google,Fall,Returning,161.25,8,60.37
2025-03-04,Plumbing,Yelp,Fall,New,161.13,9,331.91
2025-02-14,Plumbing,Flyers,Summer,Returning,104.54,7,330.71
2024-07-15,Cleaning,Flyers,Fall,New,18.42,2,14.06
2025-01-26,Plumbing,Referral,Spring,New,73.85,9,149.49
2025-04-11,Cleaning,Flyers,Winter,Returning,111.6,7,343.56
2024-08-19,HVAC Repair,Referral,Winter,New,151.43,8,200.88
2024-09-06,Cleaning,Yelp,Spring,New,163.64,4,133.7
2025-01-30,Cleaning,Google,Spring,Returning,29.5,9,346.81
2024-06-08,HVAC Repair,Referral,Summer,New,174.67,5,57.59
2024-08-19,Electrician,Yelp,Winter,Returning,103,4,59.02
2024-10-06,Plumbing,Google,Summer,Returning,134.74,6,64.52
2024-12-23,HVAC Repair,Flyers,Winter,Returning,174.12,2,50.07
2024-06-21,Cleaning,Referral,Summer,New,83.09,4,116.04
2024-09-15,HVAC Repair,Yelp,Spring,Returning,96.73,9,407.94
2024-10-12,Electrician,Flyers,Summer,Returning,97.72,5,191.84
2024-12-30,Plumbing,Google,Winter,New,171.56,2,85.37
2024-08-07,Cleaning,Google,Winter,Returning,67.9,10,402.93
2024-12-03,Plumbing,Flyers,Winter,Returning,172.48,6,74.55
2024-07-09,Electrician,Referral,Fall,Returning,56.37,1,41.3
2024-06-09,Electrician,Flyers,Summer,New,54.26,4,46.49
2024-12-28,Cleaning,Yelp,Winter,Returning,88.64,9,252.2
2024-05-27,Cleaning,Google,Spring,New,111.21,5,117.52
2025-03-19,Electrician,Referral,Fall,Returning,64.14,7,70.01
2025-01-30,HVAC Repair,Yelp,Spring,Returning,35.3,1,35.49
2024-08-16,Electrician,Flyers,Winter,New,13.4,10,164.7
2024-12-09,HVAC Repair,Yelp,Winter,Returning,48.42,10,375.63
2025-05-02,HVAC Repair,Flyers,Spring,New,182.99,10,188.76
2024-10-04,Electrician,Referral,Summer,New,137.95,6,69.79
2024-07-07,Electrician,Yelp,Fall,Returning,65.26,6,68.34
2024-09-07,Cleaning,Google,Spring,Returning,41.52,5,55.71
2024-08-03,HVAC Repair,Google,Winter,Returning,120.22,5,148.03
2024-11-04,Plumbing,Yelp,Fall,New,151.99,3,17.45
2024-05-02,Cleaning,Flyers,Spring,New,25.86,7,252.21
2025-01-25,Plumbing,Flyers,Spring,New,124.65,6,147.3
2025-01-12,HVAC Repair,Flyers,Spring,Returning,10.81,3,110.45
2024-08-19,Cleaning,Google,Winter,Returning,75.82,9,403.4
2025-04-04,HVAC Repair,Google,Winter,Returning,149.57,5,204.78
2024-10-13,Cleaning,Google,Summer,Returning,156.87,10,330.33
2024-08-16,Electrician,Referral,Winter,Returning,104.19,8,389.89
2024-12-04,HVAC Repair,Flyers,Winter,Returning,106.35,10,285.4
2024-07-15,Electrician,Yelp,Fall,New,132.2,3,22.84
2024-09-16,Plumbing,Yelp,Spring,New,136.98,4,168.84
2024-09-03,Cleaning,Google,Spring,Returning,123.23,5,200.15
2024-09-11,Plumbing,Flyers,Spring,Returning,29.69,3,124.96
2024-05-15,Cleaning,Google,Spring,Returning,127.95,6,223.65
2024-07-02,Cleaning,Google,Fall,Returning,121.88,3,58.74
2025-01-12,Electrician,Google,Spring,New,168.99,9,276.64
2024-07-14,HVAC Repair,Flyers,Fall,Returning,56.15,2,33.72
2024-06-08,Plumbing,Yelp,Summer,Returning,14.78,10,364.89
2025-04-28,HVAC Repair,Flyers,Winter,New,57.33,10,315.59
2025-01-20,Plumbing,Referral,Spring,Returning,109.97,5,90.46
2024-12-25,Plumbing,Referral,Winter,New,96.87,5,159.36
2024-09-17,Electrician,Referral,Spring,New,101.46,3,19.87
2024-08-07,Cleaning,Flyers,Winter,New,119.31,7,35.76
2025-04-29,Plumbing,Flyers,Winter,Returning,15.95,2,38.26
2024-06-20,HVAC Repair,Referral,Summer,Returning,91.53,9,254.67
2024-11-27,HVAC Repair,Flyers,Fall,Returning,76.72,2,23.49
2025-01-31,Cleaning,Referral,Spring,Returning,10.65,9,98.07
2025-01-11,Electrician,Referral,Spring,New,42.51,9,263.35
2024-05-18,Cleaning,Google,Spring,Returning,57.79,7,105.66
2024-09-19,Plumbing,Google,Spring,Returning,187.13,8,167.72
2024-07-06,Cleaning,Google,Fall,New,133.02,6,182.42
2024-12-30,Plumbing,Flyers,Winter,New,149.27,8,329.17
2024-10-27,Plumbing,Yelp,Summer,Returning,112.29,4,157.25
2024-09-11,HVAC Repair,Flyers,Spring,Returning,136.21,8,101.86
2025-04-21,Plumbing,Yelp,Winter,Returning,99,2,26.08
2025-01-28,HVAC Repair,Yelp,Spring,Returning,16.12,7,250.37
2024-05-18,HVAC Repair,Referral,Spring,New,70.51,9,437
2025-02-22,Plumbing,Referral,Summer,New,150.19,2,66.19
2025-01-15,HVAC Repair,Yelp,Spring,Returning,131.75,10,287.37
2025-03-18,Cleaning,Google,Fall,New,12.35,1,21.74
2024-05-04,Plumbing,Yelp,Spring,New,67.62,3,79.96
2024-11-03,HVAC Repair,Flyers,Fall,Returning,58.68,6,193.92
2024-10-27,Cleaning,Yelp,Summer,New,167.12,7,343.38
2024-06-17,HVAC Repair,Yelp,Summer,Returning,152.86,9,246.41
2025-03-04,Plumbing,Google,Fall,New,147.71,10,363.68
2024-06-21,Plumbing,Flyers,Summer,New,29.01,1,40.77
2024-12-26,Cleaning,Google,Winter,New,132.65,8,200.13
2024-11-25,Plumbing,Yelp,Fall,New,85.34,10,455.62
2025-03-10,Electrician,Google,Fall,Returning,175.08,6,72.79
2024-09-13,Electrician,Yelp,Spring,New,41.63,4,156.59
2025-04-07,HVAC Repair,Flyers,Winter,Returning,164.4,6,156.33
2025-02-21,Electrician,Google,Summer,New,192.77,9,352.3
2024-11-12,HVAC Repair,Yelp,Fall,Returning,194.1,7,346.28
2025-03-24,Plumbing,Yelp,Fall,New,159.03,5,244.77
2024-07-28,Cleaning,Flyers,Fall,New,104.43,10,91.69
2025-03-23,HVAC Repair,Flyers,Fall,Returning,134.74,1,11.88
2024-12-12,Cleaning,Yelp,Winter,New,19.91,7,210.75
2024-08-10,Electrician,Google,Winter,New,130.7,1,7.96
2024-12-06,Plumbing,Google,Winter,Returning,141.71,8,194.15
2024-12-24,Electrician,Flyers,Winter,New,110.87,3,123
2024-12-12,Cleaning,Flyers,Winter,Returning,30.06,8,371.46
2024-11-28,Electrician,Yelp,Fall,New,13.86,1,35.14
2024-08-23,Cleaning,Yelp,Winter,New,140.72,2,71.81
2024-05-20,Plumbing,Flyers,Spring,New,93.79,2,13.78
2025-02-17,Cleaning,Referral,Summer,New,187.27,8,290.87
2025-04-30,Electrician,Referral,Winter,Returning,19.34,4,119.09
2025-01-28,Plumbing,Flyers,Spring,Returning,130.87,3,64.85
2024-08-04,Cleaning,Yelp,Winter,Returning,128.66,9,106.65
2024-12-17,HVAC Repair,Referral,Winter,New,109.03,9,234.56
2025-03-03,Plumbing,Yelp,Fall,Returning,39.82,2,82.47
2024-05-21,HVAC Repair,Flyers,Spring,Returning,79.7,3,17.41
2025-03-23,HVAC Repair,Flyers,Fall,Returning,176.31,2,43.69
2024-11-21,HVAC Repair,Flyers,Fall,New,19.21,9,431.37
2024-12-04,HVAC Repair,Flyers,Winter,New,55.08,7,170.77
2025-02-23,Cleaning,Google,Summer,Returning,137.36,7,82.06
2025-01-27,Electrician,Google,Spring,Returning,85.33,4,155.97
2024-09-21,Cleaning,Yelp,Spring,Returning,175.87,4,88.79
2024-10-19,Electrician,Google,Summer,Returning,24.95,6,110.41
2024-07-03,HVAC Repair,Flyers,Fall,New,128.15,2,48
2025-03-11,Plumbing,Google,Fall,New,160.7,5,114.56
2024-06-04,Electrician,Referral,Summer,New,151.82,3,132.37
2025-04-20,Plumbing,Referral,Winter,New,145,8,237.04
2025-03-12,Cleaning,Referral,Fall,Returning,174.71,1,31.42
2024-09-03,Cleaning,Google,Spring,Returning,135.35,2,84.43
2025-03-12,Plumbing,Referral,Fall,New,163.52,2,82.99
2024-06-01,Electrician,Flyers,Summer,Returning,91.91,6,237.99
2024-10-22,HVAC Repair,Flyers,Summer,New,103.61,6,234.5
2024-07-23,Plumbing,Google,Fall,Returning,12.99,10,260.23
2024-09-08,Electrician,Google,Spring,New,194.34,4,116.12
2025-01-26,Plumbing,Yelp,Spring,Returning,145.61,4,123.48
2024-07-07,Cleaning,Referral,Fall,Returning,178.69,5,107.91
2024-10-14,HVAC Repair,Yelp,Summer,New,162.85,10,321.95
2024-11-15,Plumbing,Referral,Fall,Returning,123.37,6,42.93
2025-01-20,Plumbing,Google,Spring,New,165.33,4,56.44
2024-06-23,Plumbing,Flyers,Summer,New,176.47,7,91.4
2025-01-28,Cleaning,Google,Spring,New,159.96,5,27.88
2024-11-18,Plumbing,Referral,Fall,Returning,33.46,8,292.92
2024-05-25,Cleaning,Flyers,Spring,Returning,125.98,8,223.43
2024-11-05,Electrician,Flyers,Fall,New,185.38,2,38.62
2025-01-14,Plumbing,Referral,Spring,Returning,46.61,4,51.17
2024-05-29,Cleaning,Yelp,Spring,Returning,100.72,4,104.82
2024-08-25,Electrician,Yelp,Winter,Returning,182.92,5,193.1
2024-11-28,Cleaning,Google,Fall,Returning,17.79,2,76.77
2024-05-31,Electrician,Flyers,Spring,Returning,129.35,7,233.24
2024-08-03,Cleaning,Referral,Winter,New,109.93,2,91.1
2024-09-13,Cleaning,Referral,Spring,New,13.86,1,27.96
2024-08-21,Cleaning,Referral,Winter,Returning,32.38,4,115.57
2024-09-19,HVAC Repair,Google,Spring,New,173.46,1,6.64
2024-11-25,Electrician,Flyers,Fall,Returning,169.01,7,227.74
2024-10-13,Plumbing,Yelp,Summer,New,61.85,4,114.25
2025-01-20,Electrician,Referral,Spring,New,22.02,2,62.34
2024-07-08,Cleaning,Flyers,Fall,Returning,40.63,1,47.44
2025-04-15,HVAC Repair,Yelp,Winter,New,77.83,2,99.73
2024-10-14,Cleaning,Referral,Summer,New,147.24,5,130.32
2024-12-25,Electrician,Google,Winter,Returning,139.14,8,257.68
2024-05-05,Plumbing,Google,Spring,New,153.09,10,131.09
2025-02-23,HVAC Repair,Referral,Summer,New,191.02,3,28.44
2025-02-27,Electrician,Referral,Summer,New,13.2,7,321.96
2025-04-30,Plumbing,Google,Winter,New,56.9,4,196.51
2025-02-24,HVAC Repair,Referral,Summer,Returning,46.1,4,126.45
2025-03-21,Cleaning,Google,Fall,Returning,176.55,8,189.4
2024-10-22,Plumbing,Flyers,Summer,New,104.62,6,275.61
2024-12-01,Cleaning,Flyers,Winter,New,135.83,10,122.55
2025-03-23,Cleaning,Google,Fall,New,60.34,6,125.6
2025-03-12,Electrician,Google,Fall,Returning,146.21,2,97
2025-03-27,Plumbing,Google,Fall,New,25.75,6,266.3
2025-04-22,Plumbing,Google,Winter,Returning,149.47,10,293.43
2024-05-02,Plumbing,Flyers,Spring,New,105.54,5,151.96
2025-03-05,Plumbing,Yelp,Fall,Returning,55.75,9,232.57
2025-04-03,Cleaning,Yelp,Winter,New,190.35,8,178.72
2025-04-15,Cleaning,Google,Winter,New,38.24,1,21.43
2024-06-10,HVAC Repair,Yelp,Summer,New,26.09,8,118.41
2024-07-02,Electrician,Yelp,Fall,Returning,140.66,1,15.05
2024-06-05,Electrician,Flyers,Summer,New,43.29,2,15.95
2024-09-05,Cleaning,Google,Spring,Returning,102.28,7,172.05
2024-05-21,Cleaning,Flyers,Spring,New,116.92,10,70.32
2024-09-26,HVAC Repair,Flyers,Spring,New,109.02,9,360.74
2025-02-21,HVAC Repair,Referral,Summer,New,55.28,3,148.54
2025-03-29,Cleaning,Yelp,Fall,New,197.97,5,237.8
2024-08-26,Cleaning,Referral,Winter,New,62.63,2,65.32
2024-09-10,Electrician,Yelp,Spring,New,102.53,7,92.89
2024-08-11,HVAC Repair,Yelp,Winter,Returning,33.44,8,212.11
2024-10-08,HVAC Repair,Flyers,Summer,Returning,133.31,2,34.18
2025-01-16,Cleaning,Yelp,Spring,Returning,35.4,8,157.2
2024-05-04,Cleaning,Yelp,Spring,Returning,187.05,10,255.56
2024-05-17,Plumbing,Yelp,Spring,New,49.1,10,149.7
2024-07-13,Plumbing,Google,Fall,Returning,35.42,1,45.62
2024-08-20,Plumbing,Referral,Winter,Returning,145.63,9,289.24
2025-03-01,HVAC Repair,Yelp,Fall,New,12.92,8,329.37
2024-08-10,HVAC Repair,Referral,Winter,Returning,162.62,9,47.89
2025-04-01,Plumbing,Google,Winter,New,11.47,1,42.6
2024-06-05,Electrician,Flyers,Summer,Returning,48.66,3,33.17
2025-03-03,HVAC Repair,Google,Fall,Returning,75.2,8,389.21
2024-06-18,Cleaning,Referral,Summer,New,75.13,5,224.79
2025-02-24,Cleaning,Yelp,Summer,New,30.88,1,14.79
2024-10-28,Plumbing,Referral,Summer,New,165.08,6,74.61
2024-08-03,Cleaning,Google,Winter,Returning,153.13,2,20.28
2024-09-08,HVAC Repair,Yelp,Spring,Returning,148.32,10,417.23
2024-10-09,Plumbing,Referral,Summer,Returning,192.82,9,263.35
2024-06-20,HVAC Repair,Referral,Summer,Returning,66.26,10,494.26
2024-12-18,Cleaning,Google,Winter,Returning,105.48,9,186.87
2024-06-30,Plumbing,Flyers,Summer,Returning,80.55,9,310.94
2024-06-17,Cleaning,Google,Summer,Returning,76.8,2,52.75
2025-01-17,Cleaning,Yelp,Spring,Returning,72.05,6,211
2024-08-12,HVAC Repair,Google,Winter,New,160.99,3,59.04
2024-11-23,HVAC Repair,Yelp,Fall,New,85.43,10,479.49
2024-10-07,Cleaning,Referral,Summer,Returning,85.91,6,214.13
2024-12-28,Plumbing,Flyers,Winter,Returning,107.99,3,45.96
2024-05-14,Electrician,Flyers,Spring,New,55.47,4,162.66
2024-07-18,Electrician,Flyers,Fall,Returning,26.48,3,135.65
2025-02-15,Cleaning,Referral,Summer,Returning,174.05,2,96.9
2025-04-11,Cleaning,Flyers,Winter,Returning,124.28,10,432.45
2025-01-09,Plumbing,Google,Spring,New,154.3,7,49.13
2024-08-06,HVAC Repair,Yelp,Winter,Returning,115.42,4,150.17
2024-06-08,Electrician,Google,Summer,New,158.73,9,67.87
2024-11-02,Cleaning,Referral,Fall,Returning,166.3,8,341.11
2025-03-21,Plumbing,Flyers,Fall,New,109.34,3,50.13
2024-11-15,Cleaning,Google,Fall,Returning,122.64,4,86.07
2024-10-31,HVAC Repair,Google,Summer,Returning,42.24,2,56.93
2025-04-29,Electrician,Referral,Winter,New,37.31,8,57.92
2025-02-19,HVAC Repair,Yelp,Summer,New,31.69,4,21.5
2024-12-01,Cleaning,Referral,Winter,Returning,51.42,10,181.59
2024-10-19,Cleaning,Yelp,Summer,Returning,179.15,4,97.3
2024-11-19,Plumbing,Flyers,Fall,Returning,126.62,8,372.37
2025-01-10,Plumbing,Flyers,Spring,New,114.36,4,64.66
2025-03-29,Plumbing,Flyers,Fall,New,77.52,4,160.18
2025-02-09,Electrician,Referral,Summer,Returning,121.6,1,26.76
2025-01-14,Electrician,Flyers,Spring,Returning,179.64,3,44.6
2025-04-15,Plumbing,Flyers,Winter,Returning,99.94,9,384.78
2024-08-11,Plumbing,Yelp,Winter,Returning,16.28,2,36.55
2024-09-07,Electrician,Referral,Spring,Returning,117.58,5,224.21
2025-01-10,HVAC Repair,Yelp,Spring,Returning,136.38,7,243.63
2024-09-14,Plumbing,Google,Spring,Returning,121.16,6,169.37
2025-03-06,HVAC Repair,Referral,Fall,Returning,93.71,7,333.3
2024-05-29,HVAC Repair,Flyers,Spring,New,52.52,1,34.19
2024-05-03,Plumbing,Referral,Spring,Returning,135.96,3,81.06
2024-12-27,Plumbing,Google,Winter,Returning,134.85,8,240.87
2024-08-07,Cleaning,Yelp,Winter,Returning,159.57,2,42.57
2025-02-17,Electrician,Yelp,Summer,Returning,110.78,10,422.82
2024-09-07,HVAC Repair,Google,Spring,New,48.76,3,85.05
2025-04-24,Cleaning,Yelp,Winter,New,181.88,1,6.92
2024-06-25,HVAC Repair,Referral,Summer,Returning,67.84,4,49.8
2024-07-10,Plumbing,Referral,Fall,Returning,180.64,3,86.35
2024-11-17,Cleaning,Flyers,Fall,New,82.24,2,42.09
2024-06-11,Plumbing,Referral,Summer,New,138.15,2,76.47
2024-11-23,HVAC Repair,Google,Fall,Returning,145.11,5,139.61
2024-06-14,HVAC Repair,Referral,Summer,Returning,124.92,4,177.75
2024-12-30,HVAC Repair,Yelp,Winter,New,45.09,4,144.32
2024-07-22,Electrician,Flyers,Fall,Returning,168.74,10,351.1
2024-08-23,Cleaning,Flyers,Winter,Returning,139.53,1,16.14
2024-11-08,Electrician,Yelp,Fall,Returning,42.37,10,344
2024-05-08,Electrician,Referral,Spring,Returning,176.99,3,96.43
2024-11-09,Cleaning,Yelp,Fall,New,28.57,4,198
2025-02-26,Cleaning,Referral,Summer,New,58.7,8,126.01
2024-05-17,HVAC Repair,Google,Spring,Returning,110.22,2,77.22
2024-07-26,Electrician,Google,Fall,Returning,108.11,4,196.7
2025-05-01,Electrician,Flyers,Spring,New,18.42,9,447.35
2024-12-29,Plumbing,Yelp,Winter,Returning,44.58,4,124.38
2024-07-31,Plumbing,Referral,Fall,Returning,29.66,1,21
2024-10-23,Plumbing,Flyers,Summer,New,83.28,9,197.06
2024-09-14,Electrician,Flyers,Spring,Returning,92.73,4,56.94
2025-03-20,Plumbing,Google,Fall,Returning,153,2,76.61
2024-10-06,Cleaning,Flyers,Summer,Returning,101.77,3,115.04
2024-05-20,HVAC Repair,Referral,Spring,New,194.05,6,269.2
2025-03-21,HVAC Repair,Flyers,Fall,New,58.39,7,104.98
2025-04-08,Electrician,Referral,Winter,Returning,91.14,7,106.4
2024-05-30,Electrician,Yelp,Spring,New,95.09,4,159.54
2024-07-04,HVAC Repair,Flyers,Fall,Returning,112.7,3,148.5
2025-02-27,HVAC Repair,Google,Summer,Returning,124.39,7,184.75
2024-07-28,Cleaning,Yelp,Fall,New,184.89,9,436.3
2024-09-14,HVAC Repair,Google,Spring,New,44.93,6,291.08
2024-08-05,Electrician,Flyers,Winter,Returning,171.79,5,125.06
2025-04-07,Cleaning,Google,Winter,Returning,141.12,7,326.13
2024-09-13,HVAC Repair,Yelp,Spring,New,127.43,6,33.14
2024-06-16,Plumbing,Yelp,Summer,Returning,125.33,9,272.16
2025-04-29,Plumbing,Referral,Winter,New,107.97,6,202.01
2025-02-14,Cleaning,Yelp,Summer,Returning,45.34,7,61.36
2024-07-25,Plumbing,Flyers,Fall,New,163.07,9,245.56
2024-10-04,Plumbing,Google,Summer,New,154.69,1,29.46
2025-03-10,HVAC Repair,Google,Fall,New,186.2,7,65.62
2025-03-25,HVAC Repair,Flyers,Fall,Returning,68.96,8,208.36
2024-05-12,HVAC Repair,Yelp,Spring,New,108.09,8,319.11
2024-12-21,Electrician,Referral,Winter,New,74.59,9,241.43
2024-08-01,HVAC Repair,Yelp,Winter,Returning,167.97,10,61.31
2024-09-23,Plumbing,Yelp,Spring,New,193.85,8,82.96
2024-05-02,Electrician,Yelp,Spring,New,128.55,1,39.32
2025-03-31,Electrician,Yelp,Fall,New,110.32,7,91.53
2025-04-06,Cleaning,Referral,Winter,Returning,13.36,7,315.87
2025-04-24,Plumbing,Referral,Winter,Returning,26.1,5,39.01
2024-12-25,Plumbing,Referral,Winter,New,166.28,7,161.13
2024-08-20,Electrician,Flyers,Winter,New,172.47,10,383.53
2024-11-18,Plumbing,Yelp,Fall,New,90.8,10,317.46
2025-03-29,HVAC Repair,Google,Fall,Returning,83.35,5,141.68
2024-07-04,Electrician,Yelp,Fall,New,26.83,4,105.05
2024-08-24,Electrician,Flyers,Winter,Returning,67.94,2,10.09
2024-12-16,Plumbing,Yelp,Winter,New,193.65,9,69.14
2024-06-06,Cleaning,Flyers,Summer,Returning,71.19,3,83.29
2025-01-20,HVAC Repair,Google,Spring,New,86.39,3,100.89
2024-08-10,Electrician,Google,Winter,New,158.39,7,177.14
2024-09-23,Plumbing,Referral,Spring,Returning,161.48,2,19.73
2024-07-18,Plumbing,Yelp,Fall,New,78.8,10,330.21
2024-06-30,HVAC Repair,Yelp,Summer,Returning,145.79,2,47.58
2024-08-12,Electrician,Referral,Winter,New,109.8,1,24.73
2024-08-26,Cleaning,Yelp,Winter,New,160.91,4,41.69
2024-08-06,HVAC Repair,Referral,Winter,Returning,99.51,1,29.3
2024-12-31,Cleaning,Yelp,Winter,Returning,159.14,5,173.58
2024-09-03,HVAC Repair,Google,Spring,New,29.01,7,220.38
2025-02-28,Electrician,Google,Summer,Returning,52.1,10,231.55
2025-04-26,Plumbing,Flyers,Winter,Returning,178.72,4,126.95
2024-11-22,Plumbing,Google,Fall,New,86.57,9,111.72
2024-09-01,HVAC Repair,Yelp,Spring,Returning,84.08,8,216.75
2025-03-14,Electrician,Referral,Fall,Returning,68.25,4,125.2
2024-05-24,HVAC Repair,Google,Spring,Returning,16.89,7,77.41
2024-10-15,Plumbing,Yelp,Summer,New,17.57,1,24.19
2024-08-09,Plumbing,Flyers,Winter,New,38.81,8,114.56
2024-09-18,Plumbing,Referral,Spring,New,162.27,4,139.03
2025-04-06,HVAC Repair,Flyers,Winter,Returning,65.15,8,314.23
2024-11-02,Plumbing,Referral,Fall,New,172.61,7,90.96
2024-09-25,Plumbing,Yelp,Spring,New,117.77,6,271.88
2024-05-05,Plumbing,Flyers,Spring,New,77.98,10,265.67
2024-08-03,Cleaning,Flyers,Winter,New,61.11,1,7.57
2025-02-26,HVAC Repair,Google,Summer,Returning,160.78,9,63.18
2025-04-15,Cleaning,Flyers,Winter,Returning,130.87,1,32.77
2024-08-06,Electrician,Yelp,Winter,New,115.61,10,446.35
2024-11-02,Cleaning,Yelp,Fall,Returning,176.23,2,28.45
2025-01-02,HVAC Repair,Referral,Spring,New,100.67,7,91.3
2024-10-30,HVAC Repair,Google,Summer,Returning,121.49,1,26.48
2025-03-27,Electrician,Yelp,Fall,Returning,99.29,9,346.81
2025-02-08,HVAC Repair,Yelp,Summer,New,22.12,6,108.98
2024-10-05,Cleaning,Flyers,Summer,Returning,44.61,8,306.95
2024-09-21,Cleaning,Google,Spring,Returning,100.24,1,33.39
2025-04-09,Plumbing,Google,Winter,New,186.56,6,123.37
2024-09-02,Plumbing,Google,Spring,New,36,1,45.9
2024-10-13,Electrician,Google,Summer,New,121.04,7,310.37
2024-07-24,Plumbing,Yelp,Fall,Returning,134.8,6,32.29
2024-05-03,Plumbing,Flyers,Spring,New,199.9,7,269.07
2025-03-07,HVAC Repair,Google,Fall,New,42.23,3,17.44
2024-08-03,Cleaning,Google,Winter,New,161.67,3,133.47
2025-02-17,Cleaning,Google,Summer,Returning,161.48,5,227.69
2025-02-15,Electrician,Google,Summer,Returning,197.42,2,92.95
2024-07-18,HVAC Repair,Flyers,Fall,Returning,85.83,7,321.25
2024-05-07,Plumbing,Google,Spring,Returning,188.24,6,163.79
2024-05-19,Electrician,Referral,Spring,New,87.94,2,31.16
2025-04-01,Plumbing,Referral,Winter,Returning,162.48,2,65
2025-01-31,Plumbing,Flyers,Spring,Returning,122.65,8,273.63
2025-03-18,HVAC Repair,Yelp,Fall,New,182.31,1,31.39
2024-11-13,Cleaning,Referral,Fall,Returning,163.78,7,343.53
2024-11-08,HVAC Repair,Yelp,Fall,Returning,77.94,6,51.02
2024-09-29,Cleaning,Referral,Spring,Returning,104.94,8,204.68
2025-01-29,Electrician,Flyers,Spring,New,112.31,8,109.13
2025-04-24,Electrician,Referral,Winter,Returning,114.83,5,139.51
2024-09-01,Cleaning,Google,Spring,New,47.11,9,117.52
2024-10-10,HVAC Repair,Referral,Summer,Returning,120.43,10,350.64
2024-07-23,Electrician,Google,Fall,New,144.42,7,340.6
2024-11-24,Cleaning,Referral,Fall,Returning,50.89,4,172.73
2024-08-05,Plumbing,Yelp,Winter,New,188.42,7,80.54
2025-02-21,Electrician,Yelp,Summer,New,85.44,4,52.56
2024-10-26,Plumbing,Flyers,Summer,New,49.86,3,102.85
2024-08-25,Cleaning,Referral,Winter,Returning,183.21,10,199.79
2024-06-15,Cleaning,Referral,Summer,Returning,16.2,4,124.35
2024-11-23,Cleaning,Flyers,Fall,Returning,122.45,2,48.85
2025-01-24,Plumbing,Yelp,Spring,New,163.1,2,61.98
2024-05-21,HVAC Repair,Google,Spring,Returning,182.61,5,26.66
2024-06-26,HVAC Repair,Referral,Summer,New,89.18,1,36.02
2025-01-07,Cleaning,Flyers,Spring,Returning,167.21,9,417.83
2024-06-26,Electrician,Yelp,Summer,New,12.19,8,244.77
2024-12-22,Plumbing,Flyers,Winter,New,124.53,9,387.83
2024-12-30,HVAC Repair,Google,Winter,Returning,41.75,6,211.65
2024-11-27,Plumbing,Google,Fall,New,80.98,10,244.69
2024-08-19,Electrician,Flyers,Winter,New,47.16,3,93.68
2025-01-15,Electrician,Flyers,Spring,Returning,103.68,9,129.1
2025-01-04,Plumbing,Flyers,Spring,Returning,143.04,5,65.28
2024-07-27,Cleaning,Flyers,Fall,Returning,189.5,5,104.19
2024-09-01,Cleaning,Google,Spring,Returning,61.78,9,400.57
2024-11-12,Cleaning,Google,Fall,Returning,138.61,1,26.62
2024-06-11,Electrician,Flyers,Summer,Returning,18.56,2,93.2
2024-06-12,Cleaning,Flyers,Summer,New,13.6,7,174.98
2024-11-30,HVAC Repair,Flyers,Fall,New,125.66,5,73.32
2024-09-13,Electrician,Google,Spring,Returning,130.12,5,161.22
2024-12-29,Electrician,Google,Winter,Returning,40.19,3,53.56
2024-10-07,Plumbing,Referral,Summer,Returning,23.16,1,45.71
2024-07-08,Plumbing,Referral,Fall,Returning,22.32,7,83.97
2025-01-08,HVAC Repair,Yelp,Spring,Returning,58.04,3,17.83
2024-07-24,Cleaning,Referral,Fall,New,197.88,9,135.03
2024-12-09,Electrician,Google,Winter,Returning,128.58,6,142.45
2024-10-18,Cleaning,Flyers,Summer,New,185.75,1,13.82
2024-06-17,HVAC Repair,Yelp,Summer,New,122.02,9,246.07
2024-12-21,Plumbing,Referral,Winter,New,141.19,10,157.95
2024-09-25,Electrician,Yelp,Spring,New,70.65,1,9.85
2024-09-04,Plumbing,Referral,Spring,New,152.77,3,21.36
2024-10-26,Electrician,Flyers,Summer,Returning,66.31,4,101.65
2024-09-20,Electrician,Yelp,Spring,New,73.07,5,149.71
2024-10-31,Cleaning,Referral,Summer,New,126.76,4,159.33
2024-08-11,Electrician,Referral,Winter,Returning,28.51,3,126.71
2024-11-30,HVAC Repair,Flyers,Fall,New,163.01,2,67.8
2024-05-06,Cleaning,Google,Spring,New,98.58,6,172.09
2024-11-20,HVAC Repair,Flyers,Fall,Returning,57.21,2,25.83
2024-07-24,HVAC Repair,Yelp,Fall,Returning,128.12,7,264.75
2024-12-23,Electrician,Referral,Winter,New,175.73,10,416.06
2024-05-18,Electrician,Flyers,Spring,New,98.02,6,215.93
2025-03-11,Electrician,Referral,Fall,Returning,67.11,6,133.85
2024-10-20,Electrician,Flyers,Summer,New,115.74,8,110.14
2025-04-30,Cleaning,Flyers,Winter,Returning,157.91,5,68.33
2024-08-19,Electrician,Referral,Winter,New,132.19,10,289.01
2025-04-18,Cleaning,Google,Winter,Returning,196.64,2,48
2024-08-27,Electrician,Yelp,Winter,New,21.92,9,329.73
2024-11-26,Cleaning,Referral,Fall,Returning,144.31,6,93.57
2025-04-11,Electrician,Google,Winter,New,42.98,7,154.79
2024-07-30,HVAC Repair,Referral,Fall,New,198.07,7,250.27
2024-07-07,Electrician,Referral,Fall,New,180.92,7,137.84
2024-11-14,Plumbing,Yelp,Fall,Returning,83.16,8,252.13
2025-03-03,Plumbing,Yelp,Fall,Returning,132.62,1,49.46
2025-02-20,Cleaning,Referral,Summer,New,62.89,7,111.57
2024-12-15,Cleaning,Referral,Winter,New,85.58,4,75.09
2025-01-21,Cleaning,Google,Spring,Returning,190.18,3,47
2024-07-24,Cleaning,Yelp,Fall,New,154.55,7,39.27
2024-09-08,HVAC Repair,Yelp,Spring,New,95.31,1,45.07
2024-09-19,Plumbing,Referral,Spring,Returning,89.35,1,29.41
2024-05-12,Cleaning,Flyers,Spring,Returning,92.31,7,240.91
2025-03-12,Plumbing,Google,Fall,Returning,112.01,1,23.32
2024-07-31,Cleaning,Google,Fall,Returning,186.03,8,304.25
2024-09-22,Electrician,Flyers,Spring,New,47.79,2,52.43
2024-09-20,HVAC Repair,Flyers,Spring,Returning,44.75,8,312.68
2024-11-11,HVAC Repair,Yelp,Fall,Returning,120.06,5,87.59
2025-01-29,Electrician,Yelp,Spring,Returning,143.12,7,248.92
2025-02-16,Plumbing,Yelp,Summer,Returning,10.06,8,60.35
2024-11-30,Electrician,Google,Fall,New,65.69,4,149.81
2025-01-20,Electrician,Google,Spring,Returning,174.95,3,105.69
2024-07-19,Cleaning,Referral,Fall,Returning,113.61,3,47.67
2024-11-19,Cleaning,Referral,Fall,Returning,77.43,2,42.76
2025-01-15,Cleaning,Referral,Spring,New,89.84,9,319.83
2024-07-31,HVAC Repair,Google,Fall,New,12.57,10,170.77
2024-12-14,HVAC Repair,Google,Winter,New,91.97,3,85.28
2025-03-03,Cleaning,Yelp,Fall,Returning,46.05,9,203.36
2024-06-25,HVAC Repair,Google,Summer,New,125.12,5,176.41
2024-12-12,Electrician,Google,Winter,New,81.82,10,84.47
2024-06-26,Plumbing,Yelp,Summer,New,127.19,7,42.23
2024-10-23,Plumbing,Referral,Summer,Returning,114.27,6,81.15
2024-06-17,HVAC Repair,Yelp,Summer,New,183.67,10,315.4
2024-09-15,Cleaning,Flyers,Spring,Returning,109.59,7,105.82
2024-09-01,Electrician,Google,Spring,New,181.79,10,210.39
2025-04-16,Electrician,Yelp,Winter,Returning,97.75,9,215.94
2024-08-20,Electrician,Referral,Winter,Returning,89.97,4,174.75
2025-04-23,Electrician,Google,Winter,New,88.26,2,46.71
2024-11-29,HVAC Repair,Yelp,Fall,New,123.09,1,11.23
2024-09-09,Electrician,Flyers,Spring,Returning,108.46,6,231.93
2025-01-12,Electrician,Yelp,Spring,New,45.52,10,248.95
2024-06-06,Cleaning,Google,Summer,Returning,32.53,10,397.82
2024-09-02,HVAC Repair,Google,Spring,Returning,104.56,5,28
2025-04-02,HVAC Repair,Google,Winter,Returning,40.66,2,87.85
2025-02-04,Plumbing,Yelp,Summer,New,36.35,5,163.05
2024-08-23,Cleaning,Yelp,Winter,Returning,196.35,7,342.34
2024-08-25,Electrician,Yelp,Winter,New,85.61,8,106.98
2025-02-13,Cleaning,Yelp,Summer,New,58.6,7,92.06
2024-05-26,Cleaning,Flyers,Spring,Returning,186.16,10,95.1
2024-06-06,Electrician,Google,Summer,Returning,190.17,6,43.14
2024-06-29,Cleaning,Referral,Summer,Returning,171.61,9,370.65
2024-08-16,HVAC Repair,Referral,Winter,Returning,55.83,7,117.6
2025-03-23,Cleaning,Google,Fall,Returning,124.74,4,88.17
2024-05-29,HVAC Repair,Google,Spring,Returning,20.61,1,32.14
2025-02-25,Plumbing,Yelp,Summer,New,44.85,3,112.1
2024-05-03,Electrician,Yelp,Spring,Returning,160.76,9,418.85
2024-05-21,Electrician,Yelp,Spring,Returning,29.19,3,105.2
2024-08-15,HVAC Repair,Google,Winter,Returning,49.4,8,70.88
2025-02-04,Plumbing,Referral,Summer,New,34.58,10,260.96
2024-07-03,HVAC Repair,Referral,Fall,Returning,45.65,5,236.41
2024-11-11,Electrician,Yelp,Fall,New,139.25,9,273.81
2024-07-15,Cleaning,Flyers,Fall,Returning,79.92,8,311.52
2024-10-14,Plumbing,Google,Summer,New,102.3,5,215.04
2024-12-01,Electrician,Flyers,Winter,New,189.19,6,126.27
2025-04-14,HVAC Repair,Yelp,Winter,Returning,197.78,8,308.2
2024-11-25,HVAC Repair,Flyers,Fall,New,128.57,7,168.07
2024-10-22,Plumbing,Flyers,Summer,Returning,66.14,6,198.53
2025-02-06,Cleaning,Yelp,Summer,New,111.41,3,120.4
2025-02-22,HVAC Repair,Yelp,Summer,New,28.99,2,77.27
2025-02-07,Cleaning,Google,Summer,Returning,57.31,4,57.88
2024-07-11,Cleaning,Referral,Fall,Returning,119.73,3,145.31
2025-01-14,HVAC Repair,Flyers,Spring,New,68.07,9,132.7
2024-10-19,Electrician,Yelp,Summer,Returning,168.31,4,78.11
2024-10-25,HVAC Repair,Google,Summer,New,81.99,5,235.76
2024-08-04,HVAC Repair,Yelp,Winter,Returning,166.71,5,212.49
2024-06-02,Plumbing,Flyers,Summer,Returning,72.66,10,241.04
2024-12-17,Electrician,Yelp,Winter,Returning,53.89,3,92.61
2025-01-24,Plumbing,Flyers,Spring,New,143.65,10,371.46
2024-07-03,Electrician,Google,Fall,Returning,97.59,3,32.46
2024-11-15,Plumbing,Flyers,Fall,Returning,84.03,2,39.8
2024-06-30,Plumbing,Flyers,Summer,Returning,76.33,9,339.3
2024-08-20,Plumbing,Flyers,Winter,New,75.61,3,118.56
2024-09-12,Cleaning,Referral,Spring,Returning,22.46,9,316.99
2024-09-22,Cleaning,Flyers,Spring,Returning,177.24,3,143.65
2024-05-17,Electrician,Referral,Spring,New,134.83,10,206.55
2024-08-31,Plumbing,Referral,Winter,Returning,145.6,9,281.12
2024-09-24,Plumbing,Referral,Spring,Returning,12.11,2,89.71
2024-09-21,Cleaning,Flyers,Spring,Returning,20.12,6,268.2
2025-04-19,Cleaning,Yelp,Winter,Returning,120.84,6,221.5
2025-04-25,HVAC Repair,Yelp,Winter,Returning,32.61,10,309.71
2024-05-26,HVAC Repair,Google,Spring,New,34.03,5,47.17
2024-05-24,Plumbing,Google,Spring,New,135.3,10,481.8
2025-01-01,Cleaning,Yelp,Spring,New,81.56,2,54.71
2024-11-15,Plumbing,Google,Fall,Returning,177.97,4,122.31
2025-02-06,Electrician,Google,Summer,New,49.54,7,151.09
2024-08-07,Plumbing,Google,Winter,New,68.53,7,177.7
2025-02-25,Electrician,Flyers,Summer,New,140.42,9,436.84
2024-09-11,Cleaning,Yelp,Spring,New,194.41,1,12.45
2024-05-27,HVAC Repair,Google,Spring,New,27.84,9,341.32
2024-11-24,HVAC Repair,Referral,Fall,Returning,34.24,4,114.97
2024-10-25,Electrician,Flyers,Summer,Returning,137.1,9,391.68
2024-07-23,Electrician,Yelp,Fall,Returning,74.55,7,198.54
2024-05-03,Cleaning,Yelp,Spring,New,184.62,1,19.18
2024-06-04,Plumbing,Yelp,Summer,New,50.11,3,37.05
2025-04-11,Cleaning,Google,Winter,Returning,10.94,4,159.74
2024-10-15,HVAC Repair,Referral,Summer,New,43.75,6,162.14
2024-10-06,Plumbing,Yelp,Summer,New,67.22,8,163.65
2025-04-20,Cleaning,Yelp,Winter,New,170.24,7,208.62
2024-12-16,Plumbing,Yelp,Winter,Returning,39.79,9,448.36
2025-02-16,Cleaning,Yelp,Summer,Returning,116.54,8,351.92
2024-11-05,HVAC Repair,Flyers,Fall,New,184.47,5,140.28
2024-09-23,Electrician,Yelp,Spring,Returning,104.25,2,81.86
2024-11-23,Electrician,Yelp,Fall,Returning,156.02,8,313
2024-10-26,HVAC Repair,Referral,Summer,Returning,47.26,4,189.44
2024-09-22,Plumbing,Referral,Spring,Returning,132.4,7,63.56
2024-06-21,Electrician,Google,Summer,New,32.75,10,305.41
2024-11-21,Electrician,Google,Fall,Returning,170.75,6,259.75
2024-06-15,Cleaning,Flyers,Summer,New,115.56,7,304.78
2024-07-09,Plumbing,Google,Fall,New,29.65,9,87
2025-04-24,HVAC Repair,Google,Winter,Returning,157.22,4,133.05
2024-11-03,HVAC Repair,Referral,Fall,New,161.83,2,82.01
2024-10-27,Electrician,Referral,Summer,New,68.82,4,65.19
2024-11-07,Cleaning,Flyers,Fall,New,159.01,1,26.02
2025-03-18,HVAC Repair,Referral,Fall,Returning,93.47,3,37.28
2024-10-12,Electrician,Flyers,Summer,New,183.9,5,132.74
2024-08-29,HVAC Repair,Referral,Winter,New,188.44,6,174.14
2024-09-13,Electrician,Yelp,Spring,New,16.58,5,163.71
2025-04-02,Cleaning,Flyers,Winter,New,61.06,1,19.01
2024-10-07,HVAC Repair,Referral,Summer,New,63.53,1,42.52
2025-01-25,Electrician,Google,Spring,New,94.76,3,76.35
2025-03-10,Cleaning,Yelp,Fall,New,136.36,10,143.62
2025-03-21,Plumbing,Flyers,Fall,New,25.14,4,109.94
2024-11-21,Plumbing,Yelp,Fall,Returning,43.14,1,40.68
2025-02-11,HVAC Repair,Google,Summer,Returning,99.88,7,288.22
2025-04-18,Plumbing,Flyers,Winter,New,42.49,5,129.02
2025-02-21,Electrician,Referral,Summer,Returning,112.85,9,339.32
2024-12-30,HVAC Repair,Flyers,Winter,Returning,155.67,8,391.15
2024-08-31,Plumbing,Yelp,Winter,New,118.98,1,40.88
2025-03-29,Plumbing,Referral,Fall,Returning,134.82,5,243.77
2024-09-02,HVAC Repair,Google,Spring,Returning,97.79,6,260.71
2024-11-06,Plumbing,Yelp,Fall,New,158.73,3,115.31
2024-07-24,HVAC Repair,Yelp,Fall,New,125.26,1,32.29
2025-03-12,Plumbing,Flyers,Fall,Returning,136.9,2,44.69
2025-03-29,Plumbing,Referral,Fall,New,168.79,5,86.72
2024-06-10,Plumbing,Google,Summer,Returning,68.77,5,142.43
2024-11-06,HVAC Repair,Referral,Fall,New,99.4,4,23.21
2024-05-18,Cleaning,Referral,Spring,Returning,32.39,6,195.85
2024-09-29,Plumbing,Yelp,Spring,Returning,156.62,7,42.59
2025-01-14,Electrician,Flyers,Spring,Returning,69.19,9,391.25
2024-07-21,HVAC Repair,Yelp,Fall,Returning,86.77,3,108.47
2025-03-25,Plumbing,Referral,Fall,Returning,141.63,7,72.47
2024-11-11,Electrician,Yelp,Fall,New,92.69,8,103.67
2024-12-11,Cleaning,Referral,Winter,Returning,91.59,5,224.49
2025-04-04,HVAC Repair,Flyers,Winter,Returning,59.6,10,351.44
2024-06-06,Plumbing,Flyers,Summer,New,38.1,6,257.72
2024-05-15,Electrician,Referral,Spring,Returning,66.99,2,32.19
2024-10-18,Electrician,Referral,Summer,New,80.68,4,75.41
2024-12-25,Electrician,Referral,Winter,New,58,5,218.21
2025-02-21,Plumbing,Google,Summer,Returning,169.94,5,118.47
2025-03-11,Plumbing,Yelp,Fall,New,28.84,4,146.19
2024-10-13,HVAC Repair,Referral,Summer,Returning,127.1,10,331.77
2025-03-11,Plumbing,Google,Fall,New,159.97,5,248.85
2024-05-12,Plumbing,Google,Spring,New,68.47,10,490
2024-06-03,Cleaning,Flyers,Summer,Returning,186.87,7,158.45
2024-06-28,Plumbing,Referral,Summer,New,30.58,1,26.63
2025-01-18,HVAC Repair,Yelp,Spring,New,193.38,1,46.66
2024-08-02,HVAC Repair,Referral,Winter,Returning,74.43,3,32.68
2024-05-30,Plumbing,Flyers,Spring,New,102.21,1,40.55
2024-07-16,Plumbing,Google,Fall,New,28.69,1,40.65
2025-03-25,Plumbing,Flyers,Fall,Returning,20.24,7,164.02
2024-05-13,HVAC Repair,Referral,Spring,New,156.74,2,49.81
2025-02-26,Electrician,Flyers,Summer,New,31.83,6,165.63
2025-04-18,HVAC Repair,Flyers,Winter,Returning,14.55,10,461.8
2024-08-15,Electrician,Yelp,Winter,New,131.03,9,209.19
2025-02-08,Electrician,Referral,Summer,New,96.94,8,271.66
2024-09-30,HVAC Repair,Flyers,Spring,Returning,105.72,4,113.51
2024-09-24,Plumbing,Yelp,Spring,New,90,7,320.2
2024-06-01,Cleaning,Google,Summer,Returning,39.87,9,311.57
2024-09-21,Plumbing,Flyers,Spring,Returning,83.05,10,441.37
2025-04-03,Cleaning,Flyers,Winter,New,180.91,3,98.1
2025-01-03,Plumbing,Yelp,Spring,Returning,136.36,5,50.83
2024-06-14,Plumbing,Yelp,Summer,New,112.78,7,112.67
2024-09-15,Electrician,Referral,Spring,New,180.26,7,217.86
2024-07-24,Plumbing,Referral,Fall,Returning,155.3,4,90.24
2024-06-18,Electrician,Google,Summer,New,29.74,1,35.29
2025-03-18,HVAC Repair,Google,Fall,Returning,19.17,1,26.82
2024-07-31,Plumbing,Flyers,Fall,Returning,109.74,8,240.33
2024-05-17,Cleaning,Yelp,Spring,New,49.46,7,224.8
2024-09-26,Plumbing,Yelp,Spring,New,198.4,5,206.05
2024-09-07,Electrician,Flyers,Spring,Returning,93.22,8,159.57
2025-03-18,Electrician,Referral,Fall,New,199.61,6,64.17
2024-06-10,Plumbing,Google,Summer,New,137.85,7,202.93
2024-07-06,Electrician,Referral,Fall,New,63.63,3,65.48
2024-11-21,Cleaning,Yelp,Fall,New,155.76,4,128.08
2024-09-20,HVAC Repair,Google,Spring,New,83.26,1,29.08
2024-06-20,Electrician,Yelp,Summer,Returning,58.99,8,141.28
2024-09-18,HVAC Repair,Yelp,Spring,New,84.49,6,62.43
2025-02-23,Electrician,Referral,Summer,New,48.54,10,304.38
2024-08-12,Cleaning,Google,Winter,Returning,177.71,4,142.28
2025-04-21,Cleaning,Referral,Winter,Returning,41.19,8,167.09
2024-11-19,Plumbing,Referral,Fall,Returning,165.82,1,40.41
2025-01-13,Electrician,Flyers,Spring,New,58.71,3,131.96
2024-10-30,Cleaning,Google,Summer,Returning,119.19,8,393.54
2024-11-19,HVAC Repair,Yelp,Fall,New,119.09,6,52.98
2025-02-04,HVAC Repair,Flyers,Summer,Returning,147.39,4,45.31
2024-06-08,Cleaning,Yelp,Summer,New,104.87,10,142.51
2024-06-12,Electrician,Referral,Summer,New,39.5,5,122.4
2024-07-25,Electrician,Referral,Fall,Returning,186.85,4,123.31
2024-08-04,Electrician,Flyers,Winter,Returning,131.11,8,351.52
2024-12-19,Electrician,Referral,Winter,Returning,109.91,10,492.7
2024-07-27,Cleaning,Flyers,Fall,Returning,96.06,3,93.5
2024-05-23,Cleaning,Flyers,Spring,Returning,21.19,6,145.4
2025-02-13,HVAC Repair,Yelp,Summer,Returning,168.14,9,409.7
2024-09-04,Cleaning,Flyers,Spring,Returning,66.06,4,129.42
2024-10-17,HVAC Repair,Google,Summer,Returning,40.91,3,118.93
2025-04-18,HVAC Repair,Google,Winter,New,102.54,6,268.41
2025-03-28,HVAC Repair,Referral,Fall,New,148.65,9,341.76
2024-07-21,Electrician,Referral,Fall,New,64.22,7,195.3
2024-09-16,HVAC Repair,Google,Spring,New,183.6,6,271.95
2024-05-20,Plumbing,Referral,Spring,New,133.87,7,43.52
2024-10-31,HVAC Repair,Yelp,Summer,New,19.98,10,249.42
2024-11-01,Plumbing,Flyers,Fall,New,123.09,4,50.06
2025-04-27,HVAC Repair,Flyers,Winter,New,101.61,4,129.72
2024-12-15,Electrician,Yelp,Winter,New,49.34,6,287
2025-03-14,HVAC Repair,Google,Fall,New,128.46,4,81.67
2025-02-17,Electrician,Yelp,Summer,Returning,59.58,3,126.11
2024-08-03,Plumbing,Google,Winter,New,145.4,5,178.66
2024-08-25,Plumbing,Google,Winter,New,76.57,2,76.38
2025-04-29,Plumbing,Google,Winter,Returning,16.59,4,80.93
2024-07-31,Electrician,Flyers,Fall,New,98.22,9,404.01
2024-06-23,Cleaning,Yelp,Summer,Returning,152.87,10,67.47
2025-04-19,Plumbing,Flyers,Winter,New,45.23,1,8.78
2024-07-15,Plumbing,Google,Fall,New,53.76,5,247.94
2024-05-07,Electrician,Flyers,Spring,Returning,115.73,4,83.32
2024-07-19,Plumbing,Flyers,Fall,Returning,176.21,1,44.86
2024-07-28,Plumbing,Yelp,Fall,New,24.48,6,141.34
2024-12-18,Plumbing,Flyers,Winter,Returning,37.28,5,186.34
2025-03-05,HVAC Repair,Google,Fall,Returning,131.99,6,270.62
2025-03-17,Cleaning,Google,Fall,New,95.07,6,136.44
2024-10-31,Plumbing,Google,Summer,Returning,164.79,7,259.76
2024-10-30,Cleaning,Yelp,Summer,New,56.88,7,56.79
2024-12-23,Electrician,Referral,Winter,New,25.94,7,283.53
2025-04-20,Cleaning,Google,Winter,New,189.55,1,42.7
2024-10-14,Electrician,Yelp,Summer,Returning,63.84,1,16.58
2025-02-25,Electrician,Yelp,Summer,Returning,58.73,7,71.55
2025-01-24,Cleaning,Flyers,Spring,Returning,99.58,4,24.8
2025-03-01,Plumbing,Flyers,Fall,Returning,35.6,10,335.09
2024-05-16,Cleaning,Flyers,Spring,Returning,115.22,6,224.05
2024-11-09,HVAC Repair,Google,Fall,New,115.74,10,189.15
2024-11-05,HVAC Repair,Flyers,Fall,New,180.45,7,314.77
2024-11-19,Electrician,Yelp,Fall,New,144.09,9,55.78
2024-05-12,Electrician,Google,Spring,New,157,3,125.54
2024-11-03,Cleaning,Referral,Fall,New,11.45,8,45.18
2024-07-20,Electrician,Referral,Fall,Returning,81.86,7,179.3
2024-08-06,Electrician,Referral,Winter,Returning,138.9,9,174.06
2024-06-05,Electrician,Yelp,Summer,Returning,153.4,10,348.57
2024-12-26,HVAC Repair,Flyers,Winter,New,38.15,4,20.53
2024-08-31,Plumbing,Referral,Winter,New,154.87,5,130
2025-04-09,Electrician,Flyers,Winter,Returning,11.88,6,66.08
2024-08-07,Plumbing,Referral,Winter,Returning,131.94,8,188.64
2024-10-13,Electrician,Referral,Summer,Returning,115.95,10,485.84
2025-02-11,Electrician,Flyers,Summer,New,71.39,6,152.01
2025-03-25,Plumbing,Flyers,Fall,New,149.27,6,175.99
2024-06-25,HVAC Repair,Flyers,Summer,Returning,134.23,6,127.46
2024-05-31,HVAC Repair,Yelp,Spring,New,91.06,7,152.04
2024-09-19,Electrician,Flyers,Spring,New,110.45,9,322.16
2024-09-02,Cleaning,Referral,Spring,Returning,110.37,7,44.19
2024-05-13,Cleaning,Google,Spring,Returning,135.29,8,389.85
2024-08-28,Cleaning,Yelp,Winter,Returning,128.33,5,217.35
2025-04-16,Plumbing,Yelp,Winter,New,87.02,7,241.72
2024-06-26,Plumbing,Google,Summer,New,113.45,8,373.28
2024-06-29,Electrician,Flyers,Summer,New,42.46,6,165.24
2024-10-30,Cleaning,Google,Summer,New,100.72,9,52.07
2024-10-19,HVAC Repair,Referral,Summer,Returning,114.31,1,41.54
2025-05-01,HVAC Repair,Flyers,Spring,New,182.41,1,27.49
2025-02-25,HVAC Repair,Google,Summer,New,162,8,291.85
2025-04-05,Electrician,Yelp,Winter,New,70.9,9,381.6
2024-11-18,Plumbing,Google,Fall,Returning,85,7,155.7
2025-01-04,Plumbing,Flyers,Spring,Returning,12.27,9,208.08
2024-06-06,Cleaning,Referral,Summer,Returning,192.36,8,344.93
2025-02-14,Cleaning,Google,Summer,Returning,99.71,8,92
2025-02-21,Cleaning,Yelp,Summer,Returning,78.36,3,45.04
2024-10-21,Plumbing,Referral,Summer,Returning,65.79,9,301.64
2025-03-11,HVAC Repair,Google,Fall,New,61.04,5,227.41
2025-04-24,HVAC Repair,Yelp,Winter,Returning,147.62,6,115.48
2024-11-30,HVAC Repair,Referral,Fall,Returning,14.29,2,61.2
2024-12-11,Plumbing,Flyers,Winter,Returning,122.08,3,39.22
2025-03-02,Plumbing,Referral,Fall,Returning,78.28,2,36.69
2025-02-07,Cleaning,Google,Summer,Returning,49.23,4,60.63
2024-07-15,Electrician,Flyers,Fall,Returning,59.04,2,44.76
2024-08-05,Electrician,Yelp,Winter,Returning,183.46,2,82.41
2024-11-29,HVAC Repair,Yelp,Fall,Returning,137.13,1,27.33
2025-01-30,Cleaning,Google,Spring,New,97.12,4,21.79
2024-09-13,Cleaning,Google,Spring,Returning,110.09,4,191.32
2025-04-13,Electrician,Referral,Winter,Returning,196.95,7,148.84
2025-01-16,Electrician,Flyers,Spring,Returning,98.53,9,236.77
2024-09-23,HVAC Repair,Flyers,Spring,Returning,181.36,5,53.88
2025-02-11,Electrician,Referral,Summer,Returning,167.79,1,47.35
2024-06-15,Cleaning,Yelp,Summer,Returning,176.68,9,258.42
2024-10-17,Electrician,Yelp,Summer,New,78.84,4,137.96
2024-09-11,Cleaning,Flyers,Spring,New,161,10,95.37
2024-07-30,Cleaning,Google,Fall,Returning,153.65,5,72.06
2024-08-01,Electrician,Referral,Winter,Returning,125.51,8,199.27
2024-07-31,Cleaning,Google,Fall,Returning,120.99,8,102.98
2024-09-14,Plumbing,Google,Spring,New,51.01,6,258.9
2024-10-29,Cleaning,Flyers,Summer,Returning,37.72,6,49.73
2024-12-19,HVAC Repair,Google,Winter,Returning,156.29,10,122.67
2024-12-19,Electrician,Flyers,Winter,Returning,145.58,10,130.09
2025-03-29,Cleaning,Yelp,Fall,New,73.49,7,186.21
2024-08-25,Electrician,Google,Winter,New,175.96,3,77.8
2025-03-24,Plumbing,Flyers,Fall,New,83.46,1,16.31
2024-05-28,Cleaning,Flyers,Spring,New,79.86,2,25.14
2024-08-28,HVAC Repair,Flyers,Winter,New,125.15,5,228.1
2025-04-10,HVAC Repair,Google,Winter,New,139.77,8,249.36
2024-07-07,Cleaning,Referral,Fall,Returning,81.98,7,184.78
2024-08-16,HVAC Repair,Google,Winter,New,199.79,4,155.36
2024-06-03,HVAC Repair,Google,Summer,Returning,121.46,1,33.91
2025-02-24,HVAC Repair,Referral,Summer,Returning,189.35,8,389.54
2024-06-30,Plumbing,Referral,Summer,New,158.72,6,101.25
2024-10-01,Electrician,Flyers,Summer,Returning,125.94,7,218.53
2025-04-13,Plumbing,Referral,Winter,Returning,162.77,1,32.93
2025-03-07,Cleaning,Referral,Fall,New,145.68,10,115.13
2025-01-21,Cleaning,Yelp,Spring,Returning,197.7,10,390.85
2025-01-04,Cleaning,Flyers,Spring,Returning,165.49,3,34.56
2024-10-04,HVAC Repair,Yelp,Summer,New,24.47,4,177.6
2024-12-07,HVAC Repair,Google,Winter,Returning,189.69,2,48.74
2025-04-16,Cleaning,Flyers,Winter,New,137.22,6,215.67
2024-10-21,HVAC Repair,Yelp,Summer,Returning,174.81,8,227.77
2025-03-24,HVAC Repair,Referral,Fall,Returning,50.98,6,216.22
2024-06-09,Plumbing,Referral,Summer,New,124.13,2,36.01
2024-10-26,Plumbing,Google,Summer,Returning,161.18,7,311.83
2024-07-30,Electrician,Google,Fall,Returning,165.97,7,279.71
2024-07-01,Plumbing,Flyers,Fall,New,67.34,2,68.83
2024-06-27,Electrician,Referral,Summer,Returning,145.33,9,66.6
2025-03-19,Plumbing,Yelp,Fall,New,166.43,4,167.22
2024-12-01,HVAC Repair,Yelp,Winter,New,51.72,9,194.2
2025-01-03,Electrician,Google,Spring,New,131.49,5,154.08
2024-09-29,HVAC Repair,Yelp,Spring,New,95.05,2,91.24
2025-03-29,HVAC Repair,Google,Fall,Returning,114.05,5,82.51
2025-01-30,Electrician,Yelp,Spring,New,61.24,4,39.26
2024-08-17,Electrician,Flyers,Winter,New,155.28,1,31.02
2024-07-30,Cleaning,Referral,Fall,Returning,24.49,9,45.27
2024-10-13,Plumbing,Flyers,Summer,Returning,11.28,5,37.8
2025-04-09,HVAC Repair,Flyers,Winter,Returning,122.26,10,342.77
2024-08-18,HVAC Repair,Google,Winter,New,119.25,5,229.03
2025-02-14,HVAC Repair,Google,Summer,New,113.23,6,122.75
2024-11-13,Plumbing,Referral,Fall,Returning,104.96,5,171.85
2024-11-14,Electrician,Google,Fall,Returning,154.58,9,201.42
2024-12-22,Electrician,Referral,Winter,Returning,176.17,7,217.42
2025-04-20,HVAC Repair,Referral,Winter,New,167.04,10,419.57
2024-11-12,Electrician,Flyers,Fall,Returning,146.67,10,138.53
2024-08-05,Plumbing,Flyers,Winter,Returning,19.28,10,454.13
2024-06-05,Cleaning,Flyers,Summer,Returning,167.77,3,66.26
2024-12-19,Cleaning,Yelp,Winter,Returning,74.23,1,7.89
2024-07-06,HVAC Repair,Flyers,Fall,New,92.37,1,20.39
2025-01-29,HVAC Repair,Google,Spring,Returning,179.83,6,110.68
2024-12-02,Plumbing,Yelp,Winter,Returning,45.26,2,24.47
2024-05-20,Electrician,Flyers,Spring,Returning,49.42,3,44.73
2024-05-05,HVAC Repair,Google,Spring,New,104.13,4,24.74
2024-11-29,HVAC Repair,Yelp,Fall,New,77.57,6,36.93
2025-01-23,Electrician,Referral,Spring,New,149.32,4,169.82
2024-09-30,Electrician,Google,Spring,New,150.96,7,282.72
2024-09-03,Plumbing,Referral,Spring,New,135.18,4,100.29
2024-06-15,Plumbing,Flyers,Summer,New,97.74,10,139.74
2024-05-31,HVAC Repair,Flyers,Spring,New,72.21,4,44.04
2024-09-22,Cleaning,Flyers,Spring,New,167.85,2,79.79
2024-08-01,Cleaning,Yelp,Winter,New,59.62,7,94.49
2024-06-03,Plumbing,Flyers,Summer,New,109.49,5,61.46
2024-10-04,Electrician,Google,Summer,New,117.26,6,274.71
2025-04-01,Electrician,Google,Winter,Returning,148.21,9,175.83
2025-01-20,HVAC Repair,Yelp,Spring,Returning,166.88,5,27.1
2025-03-18,Electrician,Yelp,Fall,New,83.69,10,81.66
2025-04-01,Cleaning,Google,Winter,New,59.14,4,137.45
2025-01-19,Electrician,Flyers,Spring,New,178.81,9,241.88
2024-05-29,Electrician,Flyers,Spring,Returning,120.06,3,71.63
2025-01-22,Electrician,Google,Spring,New,25.46,9,273.26
2024-09-13,Cleaning,Flyers,Spring,New,58.56,2,20.44
2025-03-17,Electrician,Referral,Fall,New,188.56,9,51.96
2025-04-05,HVAC Repair,Yelp,Winter,New,53.86,7,332.26
2024-07-20,Electrician,Flyers,Fall,New,137.01,2,43.92
2025-03-21,HVAC Repair,Yelp,Fall,New,190.45,9,323.49
2024-12-11,Plumbing,Google,Winter,Returning,21.86,10,270.38
2024-10-09,Plumbing,Google,Summer,New,179.31,1,43.62
2024-12-07,Plumbing,Yelp,Winter,New,41.01,7,231.82
2024-08-12,HVAC Repair,Referral,Winter,New,111.45,3,72.55
2025-04-17,HVAC Repair,Google,Winter,New,64.45,6,256.53
2024-08-26,Plumbing,Flyers,Winter,Returning,114.67,3,40.28
2024-11-06,Electrician,Flyers,Fall,New,67.91,5,36.81
2025-04-22,Plumbing,Flyers,Winter,Returning,172.27,9,101.37
2024-05-11,Plumbing,Flyers,Spring,Returning,62.8,5,192.16
2024-09-15,Electrician,Yelp,Spring,Returning,57.65,4,75.59
2025-04-18,Electrician,Flyers,Winter,New,118.08,9,280.54
2024-08-07,Plumbing,Referral,Winter,Returning,33.97,3,124.17
2024-09-17,Electrician,Yelp,Spring,New,55.86,3,16.97
2024-12-19,Cleaning,Yelp,Winter,New,108.78,2,86.5
2024-07-07,Plumbing,Flyers,Fall,Returning,36.89,7,63.07
2024-05-11,Plumbing,Referral,Spring,New,94.03,3,43.02
2024-09-11,HVAC Repair,Flyers,Spring,Returning,179.88,8,134.57
2025-03-14,Plumbing,Flyers,Fall,Returning,38.8,4,90.15
2025-03-10,Electrician,Flyers,Fall,New,118.05,2,20.05
2025-04-20,Plumbing,Yelp,Winter,Returning,57.24,6,197.51
2024-08-15,Cleaning,Yelp,Winter,New,122.3,3,140.98
2025-03-23,Cleaning,Yelp,Fall,Returning,131.51,9,185.03
2024-10-12,Plumbing,Google,Summer,New,125,5,82.09
2024-11-16,Electrician,Google,Fall,New,192.54,3,34.98
2024-10-27,HVAC Repair,Google,Summer,Returning,156.09,9,280.44
2025-01-25,Cleaning,Referral,Spring,New,92.68,6,89.51
2025-02-28,Electrician,Flyers,Summer,Returning,168.34,1,25.84
2024-11-08,Plumbing,Yelp,Fall,New,105.03,7,158.67
2024-12-30,HVAC Repair,Google,Winter,New,138.88,7,323.24
2025-01-10,Electrician,Referral,Spring,Returning,184.72,8,345.17
2025-04-21,Cleaning,Yelp,Winter,New,87.16,5,83.02
2025-02-10,Cleaning,Google,Summer,Returning,154.61,6,72.98
2024-10-02,Electrician,Referral,Summer,Returning,75.44,7,252.22
2025-02-18,HVAC Repair,Google,Summer,New,150.19,4,69.95
2024-09-12,Electrician,Google,Spring,Returning,119.59,2,62.34
2024-11-19,Electrician,Yelp,Fall,New,140.67,5,204.88
2024-10-30,HVAC Repair,Google,Summer,Returning,144.16,6,138.49
2025-03-11,HVAC Repair,Flyers,Fall,New,92.61,4,190.06
2024-10-15,Electrician,Yelp,Summer,New,137.46,2,18.9
2024-12-09,Plumbing,Google,Winter,New,94.65,5,212.46
2024-09-01,Cleaning,Yelp,Spring,New,34.47,3,81.69
2025-03-08,Cleaning,Flyers,Fall,Returning,184.45,4,79.13
2024-05-30,Cleaning,Google,Spring,New,60.19,9,311.18
2024-07-28,HVAC Repair,Google,Fall,Returning,19.75,1,19.01
2024-10-15,HVAC Repair,Google,Summer,Returning,26.77,8,209.14
2024-08-17,Electrician,Referral,Winter,New,59.34,2,85.56
2024-07-31,Cleaning,Referral,Fall,New,15.57,4,152.22
2024-10-11,Electrician,Flyers,Summer,Returning,188.23,6,230.27
2025-03-02,Plumbing,Flyers,Fall,Returning,56.21,10,482.21
2025-04-15,HVAC Repair,Google,Winter,New,38.7,2,60.96
2024-12-10,Plumbing,Flyers,Winter,New,154.96,6,233.72
2024-10-30,Plumbing,Google,Summer,Returning,111.13,9,327.37
2024-05-18,HVAC Repair,Referral,Spring,New,60.23,6,145.11
2025-03-10,HVAC Repair,Google,Fall,New,39.03,2,38.25
2024-09-10,Cleaning,Yelp,Spring,Returning,152.55,7,291.04
2024-06-22,HVAC Repair,Google,Summer,New,26.86,4,122.34
2025-01-09,Plumbing,Yelp,Spring,New,67.13,9,328.62
2024-11-18,Cleaning,Google,Fall,Returning,134.35,10,375.84
2024-11-12,Electrician,Referral,Fall,Returning,79.97,1,34.95
2025-02-16,Plumbing,Referral,Summer,Returning,97.48,8,358.69
2024-08-04,Electrician,Yelp,Winter,Returning,103.28,5,225.86
2025-02-15,HVAC Repair,Referral,Summer,New,70.27,2,79.7
2025-04-12,HVAC Repair,Referral,Winter,Returning,43.18,8,397
2024-06-05,HVAC Repair,Yelp,Summer,New,198.23,7,276.71
2024-12-02,Cleaning,Referral,Winter,Returning,194.18,1,22.36
2024-08-04,Plumbing,Google,Winter,Returning,39.68,4,64.63
2024-07-09,Electrician,Referral,Fall,Returning,57.58,5,145.87
2024-07-30,Electrician,Flyers,Fall,Returning,98.06,3,66.64
2024-08-25,HVAC Repair,Referral,Winter,New,134.49,8,87.45
2025-02-06,Cleaning,Yelp,Summer,Returning,93.78,2,88.83
2025-03-26,HVAC Repair,Flyers,Fall,Returning,135.06,5,75.51
2024-08-27,Plumbing,Yelp,Winter,New,146.63,10,363.79
2024-12-16,Plumbing,Referral,Winter,Returning,99.66,6,260.84
2024-08-26,Cleaning,Referral,Winter,Returning,192.51,1,11.26
2025-04-21,Plumbing,Google,Winter,Returning,11.11,5,154.45
2024-08-11,HVAC Repair,Referral,Winter,Returning,124.33,9,391.15
2025-04-30,Cleaning,Yelp,Winter,New,58.89,2,76.09
2024-08-26,Plumbing,Yelp,Winter,New,119.04,7,260.82
2024-12-13,Plumbing,Flyers,Winter,Returning,132.82,8,321.3
2024-09-08,Plumbing,Google,Spring,Returning,79.7,3,28.27
2024-06-22,Electrician,Google,Summer,New,147.36,6,75.57
2024-10-31,Electrician,Yelp,Summer,New,73.64,10,393.84
2024-09-27,HVAC Repair,Referral,Spring,New,92.84,6,65.77
2025-03-12,Cleaning,Referral,Fall,New,168.2,4,22.47
2024-06-04,Plumbing,Google,Summer,Returning,189.5,10,135.22
2024-11-30,Electrician,Flyers,Fall,New,180.71,5,29.57
2025-04-18,Cleaning,Yelp,Winter,Returning,197.02,4,157.2
2024-06-28,Cleaning,Referral,Summer,Returning,27.81,8,288.4
2024-07-11,Plumbing,Yelp,Fall,New,67.65,9,299.1
2024-05-21,Cleaning,Google,Spring,Returning,118.28,9,74.04
2024-08-06,Electrician,Google,Winter,Returning,196.9,1,5.24
2024-11-12,Cleaning,Referral,Fall,New,28.73,8,53.02
2025-01-06,Plumbing,Yelp,Spring,Returning,70.83,2,59.5
2024-10-04,Plumbing,Google,Summer,New,120.67,8,263.09
2024-10-29,Electrician,Yelp,Summer,Returning,29.82,1,13.06
2024-09-27,HVAC Repair,Flyers,Spring,Returning,57.44,10,87.31
2024-11-28,Plumbing,Yelp,Fall,Returning,153.96,3,145.96
2025-04-27,Cleaning,Yelp,Winter,New,16.6,8,160.63
2025-01-09,Plumbing,Referral,Spring,Returning,22.66,1,14.34
2025-01-28,HVAC Repair,Google,Spring,New,108.43,3,133.69
2024-06-07,HVAC Repair,Google,Summer,Returning,115.73,2,88.58
2024-07-13,Electrician,Flyers,Fall,Returning,151.71,1,48.64
2024-10-23,Plumbing,Google,Summer,New,103.77,2,24
2024-06-12,Plumbing,Flyers,Summer,Returning,86.12,4,66.78
2025-04-24,Plumbing,Flyers,Winter,New,24.36,2,26.26
2024-08-18,Electrician,Google,Winter,New,167.9,9,251.09
2024-11-27,HVAC Repair,Yelp,Fall,Returning,53.94,5,87.81
2024-11-01,HVAC Repair,Google,Fall,New,105.47,5,59.72
2025-02-23,Electrician,Referral,Summer,Returning,15.46,2,89.33
2024-09-20,Plumbing,Google,Spring,Returning,37.24,4,158.76
2024-10-11,Cleaning,Referral,Summer,New,63.25,9,417.12
2025-03-07,Electrician,Flyers,Fall,Returning,128.03,5,128.38
2024-06-15,Cleaning,Yelp,Summer,Returning,127.49,2,97.01
2024-05-06,Cleaning,Flyers,Spring,New,191.51,7,140.66
2025-02-25,HVAC Repair,Google,Summer,Returning,19.84,4,113.43
2024-11-05,Electrician,Yelp,Fall,Returning,187.1,8,134.05
2025-02-10,Electrician,Google,Summer,Returning,123.97,9,324.38
2025-05-01,Electrician,Flyers,Spring,New,76.91,7,226.59
2025-02-10,HVAC Repair,Yelp,Summer,Returning,159.61,10,182.48
2024-07-11,Plumbing,Google,Fall,New,122,7,168.68
2024-12-31,Cleaning,Google,Winter,New,60.93,10,153.54
2024-10-11,Plumbing,Google,Summer,Returning,181.06,10,338.26
2025-04-20,HVAC Repair,Google,Winter,Returning,41.46,10,270.32
2024-10-23,Plumbing,Referral,Summer,New,172.43,1,34.78
2024-10-27,Electrician,Referral,Summer,Returning,136.92,5,83.72
2025-04-14,HVAC Repair,Flyers,Winter,New,18.81,9,254.16
2024-05-05,Electrician,Yelp,Spring,Returning,73.74,9,116.89
2025-03-18,Cleaning,Google,Fall,Returning,119.07,5,119.04
2024-11-26,Cleaning,Referral,Fall,Returning,23.63,5,187.33
2024-12-15,Electrician,Flyers,Winter,Returning,134.27,7,112.03
2025-04-02,Electrician,Google,Winter,New,100.62,6,168.63
2024-07-09,Plumbing,Flyers,Fall,New,43.51,1,20.01
2024-12-12,Cleaning,Yelp,Winter,Returning,13.12,7,162.49
2024-12-09,HVAC Repair,Referral,Winter,Returning,10.24,6,261.62
2025-04-23,Cleaning,Google,Winter,New,121.97,10,263.19
2024-12-26,HVAC Repair,Referral,Winter,Returning,189.66,1,21.8
2025-01-18,Cleaning,Referral,Spring,New,193.31,8,211.53
2024-10-06,HVAC Repair,Yelp,Summer,New,146.41,6,131.74
2025-01-28,Cleaning,Flyers,Spring,New,43.69,4,99.07
2024-07-21,Cleaning,Referral,Fall,New,167.61,7,168.83
2025-01-02,HVAC Repair,Google,Spring,New,36.23,9,431.06
2025-01-02,HVAC Repair,Flyers,Spring,New,12.72,4,79.64
2024-10-13,Plumbing,Google,Summer,Returning,86.41,6,76.18
2025-01-01,Cleaning,Referral,Spring,New,65.35,3,44.9
2024-07-03,Electrician,Google,Fall,Returning,151.78,9,56.27
2024-10-24,Electrician,Flyers,Summer,Returning,175.21,5,28.43
2024-06-28,Plumbing,Flyers,Summer,New,152.09,3,54.5
2024-05-24,HVAC Repair,Referral,Spring,New,15.67,1,32.16
2025-04-22,Plumbing,Flyers,Winter,Returning,107.36,9,326.28
2024-09-26,Plumbing,Google,Spring,Returning,115.25,3,17.03
2024-08-03,Electrician,Yelp,Winter,New,23.75,6,268.14
2024-07-13,Electrician,Yelp,Fall,Returning,64.48,1,28.3
2025-02-05,Cleaning,Yelp,Summer,New,62.13,7,167.24
2024-09-12,Cleaning,Google,Spring,New,49.61,8,329.86
2024-12-06,Electrician,Referral,Winter,New,47.1,10,225.33
2024-07-15,Cleaning,Google,Fall,New,169.37,5,221.32
2025-04-22,HVAC Repair,Referral,Winter,Returning,18.37,4,191.35
2025-04-16,Cleaning,Google,Winter,Returning,155.85,7,149.59
2024-06-20,Electrician,Referral,Summer,Returning,12.17,8,140.63
2024-07-24,HVAC Repair,Yelp,Fall,New,178.32,8,386.19
2024-05-03,HVAC Repair,Yelp,Spring,Returning,79.74,3,146.78
2024-06-05,Cleaning,Yelp,Summer,Returning,16.59,6,51.77
2024-10-31,Cleaning,Referral,Summer,Returning,133.35,2,38.81
2025-03-08,Cleaning,Referral,Fall,Returning,75.61,3,138.73
2024-12-07,HVAC Repair,Flyers,Winter,New,161.09,7,240.06
2025-04-17,Cleaning,Google,Winter,Returning,17.01,6,235.35
2025-04-16,Electrician,Referral,Winter,Returning,12.36,10,142.28
2024-11-14,Electrician,Referral,Fall,New,150.97,7,226.8
2024-06-29,Plumbing,Google,Summer,Returning,144.4,2,62.6
2024-11-15,Cleaning,Yelp,Fall,Returning,60.49,9,398.5
2024-10-08,Electrician,Yelp,Summer,Returning,86.08,8,192.96
2025-02-27,HVAC Repair,Google,Summer,New,101.78,9,185.1
2024-12-06,Plumbing,Yelp,Winter,Returning,143.5,3,104.99
2025-02-07,Plumbing,Referral,Summer,New,30.65,7,294.72
2024-08-09,Cleaning,Flyers,Winter,Returning,97.03,3,149.6
2024-08-23,Plumbing,Google,Winter,New,45.96,6,194.23
2024-08-12,Plumbing,Google,Winter,Returning,97.76,7,67.21
2024-05-29,HVAC Repair,Flyers,Spring,Returning,139.07,7,67.09
2025-04-13,Cleaning,Referral,Winter,New,26.22,1,45.31
2024-07-13,HVAC Repair,Yelp,Fall,Returning,75.44,6,171.71
2024-05-31,Plumbing,Yelp,Spring,New,103.94,10,312.55
2024-05-24,Cleaning,Yelp,Spring,Returning,124.55,4,37.66
2024-05-31,Plumbing,Yelp,Spring,Returning,51.41,7,226.57
2024-08-10,Cleaning,Google,Winter,New,30.67,7,39.96
2024-05-16,Electrician,Google,Spring,Returning,160.75,9,123.63
2024-06-27,Electrician,Google,Summer,Returning,155.11,1,18.02
2024-06-13,Electrician,Referral,Summer,Returning,21.7,8,236.12
2024-09-09,Electrician,Referral,Spring,Returning,85.55,10,372.85
2024-12-11,Plumbing,Flyers,Winter,Returning,71.98,8,65.5
2024-10-08,Plumbing,Referral,Summer,Returning,127.09,8,140.36
2025-04-29,Electrician,Google,Winter,Returning,10.38,9,138.88
2025-01-22,Cleaning,Yelp,Spring,New,103,6,299.6
2024-10-25,HVAC Repair,Google,Summer,New,48.59,7,311.88
2025-04-01,Electrician,Yelp,Winter,New,11.03,1,9.66
2024-07-12,Plumbing,Yelp,Fall,New,158.14,3,122.74
2025-03-17,HVAC Repair,Flyers,Fall,New,31.73,9,427.35
2025-02-20,HVAC Repair,Yelp,Summer,New,69.63,10,305.08
2025-04-03,Cleaning,Flyers,Winter,Returning,106.04,10,57.23
2024-09-21,Plumbing,Flyers,Spring,New,142.67,4,94.75
2024-06-02,Cleaning,Yelp,Summer,New,33.4,5,30.44
2025-01-29,Plumbing,Referral,Spring,Returning,135.33,2,41.88
2025-02-15,Cleaning,Yelp,Summer,New,116.26,10,487.59
2024-08-11,Cleaning,Referral,Winter,New,14.34,7,47.7
2024-09-02,Plumbing,Flyers,Spring,Returning,73.56,7,86.72
2024-09-30,Plumbing,Referral,Spring,Returning,135.24,5,126.83
2024-06-27,Electrician,Flyers,Summer,Returning,179.4,8,386.04
2024-07-08,HVAC Repair,Referral,Fall,Returning,21.91,9,67.28
2024-07-26,Electrician,Google,Fall,Returning,12.79,8,125.95
2024-07-13,HVAC Repair,Google,Fall,Returning,18.65,3,26.06
2024-07-07,HVAC Repair,Referral,Fall,Returning,109.16,4,111.76
2025-01-09,HVAC Repair,Google,Spring,Returning,160.56,8,182.47
2025-01-11,Electrician,Yelp,Spring,New,113.12,8,60.82
2024-05-26,HVAC Repair,Google,Spring,Returning,97.49,2,80.46
2024-08-29,Plumbing,Flyers,Winter,Returning,45.34,4,191.53
2025-02-02,Cleaning,Google,Summer,Returning,67.56,7,147.25
2024-09-02,Plumbing,Flyers,Spring,New,141.17,2,57.36
2024-09-17,HVAC Repair,Flyers,Spring,New,189.86,7,234.57
2024-07-01,HVAC Repair,Flyers,Fall,Returning,68.2,8,43.69
2024-11-10,Electrician,Yelp,Fall,Returning,14.63,4,29.52
2025-03-17,HVAC Repair,Flyers,Fall,Returning,149.88,1,13.36
2025-03-06,Cleaning,Google,Fall,Returning,153.05,10,189.31
2024-08-04,Electrician,Flyers,Winter,Returning,134.25,6,91.77
2025-04-14,Plumbing,Flyers,Winter,New,121.88,7,208.76
2024-07-20,HVAC Repair,Google,Fall,New,24.49,1,5.92
2024-05-31,HVAC Repair,Google,Spring,Returning,48.24,10,467.52
2025-02-09,HVAC Repair,Referral,Summer,New,66.46,10,449.57
2025-04-26,Plumbing,Yelp,Winter,New,32.7,7,226.86
2025-04-05,HVAC Repair,Google,Winter,New,148.26,3,57.79
2024-12-27,Electrician,Flyers,Winter,New,157.81,4,94.21
2024-07-31,Plumbing,Referral,Fall,New,148.71,5,247.97
2024-10-02,Cleaning,Google,Summer,New,49.64,4,121.64
2024-11-24,Plumbing,Google,Fall,New,146.14,6,168.15
2024-12-13,Plumbing,Google,Winter,New,115.43,9,192.38
2024-12-19,Cleaning,Google,Winter,New,194.9,6,100.9
2024-09-30,HVAC Repair,Referral,Spring,Returning,108.18,4,132.49
2024-05-28,HVAC Repair,Yelp,Spring,Returning,149.8,5,85.32
2025-02-06,Cleaning,Yelp,Summer,Returning,126.53,8,225.81
2024-11-02,Cleaning,Yelp,Fall,New,57.59,2,76.86
2025-02-03,Electrician,Google,Summer,New,114.72,1,47.22
2024-08-05,HVAC Repair,Flyers,Winter,New,162.35,9,94.52
2024-12-11,Plumbing,Referral,Winter,New,125.44,7,82.08
2024-10-12,HVAC Repair,Google,Summer,New,114.86,3,55.34
2024-08-11,Plumbing,Google,Winter,Returning,127.26,2,39.99
2024-08-22,Plumbing,Yelp,Winter,New,73.45,7,112.46
2025-03-10,HVAC Repair,Google,Fall,New,131.57,1,9.29
2024-09-22,Plumbing,Flyers,Spring,New,49.38,3,70.94
2024-08-01,Plumbing,Flyers,Winter,New,83.25,6,36.58
2024-11-20,Electrician,Yelp,Fall,Returning,116.58,5,243.03
2024-08-28,Electrician,Google,Winter,New,27.09,4,157.48
2025-01-08,Electrician,Flyers,Spring,New,193.04,10,398.52
2024-06-15,Electrician,Referral,Summer,Returning,73.29,3,37.68
2025-03-24,HVAC Repair,Referral,Fall,New,23.29,8,104.05
2024-10-15,Plumbing,Flyers,Summer,Returning,111.9,7,114.99
2025-01-27,HVAC Repair,Flyers,Spring,New,147.83,8,53.69
2025-04-04,Plumbing,Google,Winter,Returning,172.55,3,54.57
2024-10-19,Electrician,Referral,Summer,Returning,125.95,7,106.71
2025-04-11,Electrician,Referral,Winter,New,21.21,10,228.92
2024-06-01,Cleaning,Flyers,Summer,New,38.9,1,42.37
2024-09-14,Electrician,Yelp,Spring,New,166.93,8,363.49
2024-06-05,Cleaning,Referral,Summer,New,20.46,2,62.11
2025-01-31,Plumbing,Flyers,Spring,New,197.49,4,151.64
2025-02-28,Plumbing,Google,Summer,Returning,123.86,1,18.6
2025-04-17,Plumbing,Referral,Winter,New,28.17,7,242.68
2024-08-13,Electrician,Referral,Winter,New,191.02,2,90.04
2025-02-23,Cleaning,Google,Summer,Returning,22.95,3,87.44
2024-10-28,Cleaning,Referral,Summer,Returning,100.6,9,347.17
2024-07-31,Plumbing,Google,Fall,New,141.88,5,73.98
2024-07-05,HVAC Repair,Yelp,Fall,New,29.39,8,159.4
2024-05-22,Electrician,Google,Spring,Returning,142.33,7,256.78
2024-11-14,HVAC Repair,Google,Fall,Returning,174.41,3,76.58
2025-01-27,Plumbing,Yelp,Spring,New,68.68,1,12.65
2025-02-17,Cleaning,Yelp,Summer,New,121.49,10,254.33
2024-05-18,Cleaning,Referral,Spring,Returning,181.28,8,363.2
2025-04-04,HVAC Repair,Yelp,Winter,Returning,173.5,8,83.08
2024-09-24,HVAC Repair,Yelp,Spring,Returning,23.07,4,38.35
2024-07-31,Cleaning,Google,Fall,Returning,36.62,4,186.77
2024-11-03,Plumbing,Yelp,Fall,New,169.36,9,429.02
2025-02-05,Plumbing,Yelp,Summer,New,81.4,2,13.06
2024-08-09,HVAC Repair,Referral,Winter,New,55.13,6,67.23
2024-05-03,Cleaning,Flyers,Spring,Returning,23.82,1,20.9
2024-06-14,Electrician,Google,Summer,New,165.71,5,240.62
2024-07-01,Electrician,Flyers,Fall,New,64.75,10,144.91
2025-04-12,Cleaning,Referral,Winter,Returning,30.66,5,237.74
2024-06-10,Electrician,Referral,Summer,Returning,135.66,1,18.31
2024-11-22,HVAC Repair,Yelp,Fall,Returning,86.35,2,99.25
2024-11-04,HVAC Repair,Flyers,Fall,New,169.53,3,74.88
2025-04-21,Cleaning,Google,Winter,New,161.25,4,59.69
2024-07-28,Electrician,Yelp,Fall,New,171.54,1,46.51
2024-11-06,Cleaning,Google,Fall,New,132.45,8,133.86
2024-06-19,HVAC Repair,Referral,Summer,Returning,97.09,6,284.68
2024-05-25,HVAC Repair,Flyers,Spring,New,42.69,2,54.65
2024-10-27,HVAC Repair,Google,Summer,New,20.42,7,322.32
2024-12-15,HVAC Repair,Yelp,Winter,Returning,121.63,5,229.86
2024-12-06,Cleaning,Flyers,Winter,Returning,99.14,9,135.28
2024-11-14,Cleaning,Flyers,Fall,Returning,169.61,6,211.08
2024-11-12,Electrician,Referral,Fall,New,189.97,7,289.93
2025-03-02,Plumbing,Google,Fall,Returning,169.52,1,9.67
2025-03-20,Electrician,Referral,Fall,Returning,155.19,3,145.24
2024-05-22,Electrician,Yelp,Spring,Returning,141.92,2,28.53
2024-09-17,Cleaning,Google,Spring,New,33.33,1,13.6
2024-09-08,Electrician,Google,Spring,Returning,56.37,5,166.88
2024-08-01,HVAC Repair,Google,Winter,New,93.6,7,78.35
2024-06-01,HVAC Repair,Yelp,Summer,Returning,111.93,7,78.33
2024-11-09,HVAC Repair,Yelp,Fall,Returning,42.82,8,337.05
2024-05-03,HVAC Repair,Flyers,Spring,Returning,118.31,9,71.39
2025-01-30,Cleaning,Referral,Spring,New,12.78,1,7.44
2025-02-19,Cleaning,Referral,Summer,Returning,69.04,4,135.06
2025-05-02,Cleaning,Referral,Spring,Returning,53.84,3,124.02
2025-02-24,Electrician,Yelp,Summer,Returning,174.02,3,141.31
2024-06-08,Plumbing,Referral,Summer,Returning,145.91,9,104.18
2024-06-14,HVAC Repair,Referral,Summer,New,131.3,9,387.12
2024-09-11,HVAC Repair,Referral,Spring,New,104.08,6,84.81
2025-01-01,Cleaning,Yelp,Spring,Returning,106.39,10,136.11
2024-10-25,Cleaning,Flyers,Summer,Returning,192.41,4,136.82
2025-03-22,Electrician,Yelp,Fall,New,109.85,3,132.92
2024-10-23,Cleaning,Flyers,Summer,Returning,135.44,7,250.36
2024-09-29,Electrician,Flyers,Spring,Returning,171.26,1,43.94
2024-07-17,Plumbing,Google,Fall,Returning,61.1,3,144.31
2024-09-06,Plumbing,Referral,Spring,New,51.67,4,46.65
2024-06-21,Cleaning,Google,Summer,Returning,17.94,10,118.2
2024-08-24,Electrician,Flyers,Winter,New,41.01,1,16.16
2024-09-28,HVAC Repair,Referral,Spring,New,73.02,7,208.4
2024-06-18,HVAC Repair,Google,Summer,New,78.74,6,231.04
2024-05-24,HVAC Repair,Yelp,Spring,Returning,117.68,3,60.48
2024-10-12,HVAC Repair,Yelp,Summer,Returning,111.43,5,136.36
2025-01-23,Plumbing,Yelp,Spring,Returning,176.31,10,262.85
2024-06-06,Plumbing,Google,Summer,New,124.01,3,17.27
2025-01-12,Cleaning,Flyers,Spring,Returning,152.4,9,273.81
2024-09-13,Plumbing,Google,Spring,Returning,141.05,4,30.13
2024-10-17,HVAC Repair,Referral,Summer,Returning,75.86,1,33.37
2024-06-10,Cleaning,Flyers,Summer,New,164.6,10,138.22
2025-01-17,Plumbing,Google,Spring,Returning,193.34,8,253.37
2024-06-07,Plumbing,Flyers,Summer,Returning,38.28,2,32.8
2024-05-27,Electrician,Referral,Spring,Returning,173.17,7,333.86
2024-08-20,Plumbing,Referral,Winter,Returning,164.3,6,124.74
2024-07-08,Plumbing,Google,Fall,New,87.8,6,152.42
2025-01-31,Cleaning,Flyers,Spring,New,44.14,7,142.86
2024-10-29,Electrician,Referral,Summer,New,80.57,1,49.2
2024-08-17,HVAC Repair,Referral,Winter,Returning,81.22,10,410.17
2024-07-21,Electrician,Yelp,Fall,Returning,193.66,6,98.91
2025-04-03,HVAC Repair,Google,Winter,Returning,13.89,8,215.4
2025-02-10,Electrician,Flyers,Summer,Returning,131.21,10,420.17
2025-04-24,HVAC Repair,Google,Winter,Returning,120.2,9,346.05
2025-03-12,Plumbing,Flyers,Fall,Returning,158.2,7,163.26
2025-04-25,HVAC Repair,Google,Winter,Returning,169.29,10,67.63
2025-03-10,HVAC Repair,Referral,Fall,New,21.04,1,19.33
2025-01-10,Cleaning,Yelp,Spring,New,68.16,6,115.98
2025-01-02,Plumbing,Referral,Spring,New,190.37,9,358.9
2025-04-11,Electrician,Yelp,Winter,New,125.83,2,57.89
2024-08-25,Electrician,Referral,Winter,Returning,20.73,1,6.34
2025-04-14,Electrician,Flyers,Winter,New,63.01,8,258.42
2024-07-30,Plumbing,Google,Fall,Returning,197.24,9,139
2024-08-11,Cleaning,Flyers,Winter,New,195.31,6,238.1
2025-02-19,Electrician,Flyers,Summer,New,131.14,7,313.7
2024-05-19,HVAC Repair,Yelp,Spring,Returning,151.56,2,99.01
2024-07-10,HVAC Repair,Referral,Fall,New,58.66,4,156.25
2024-12-11,Cleaning,Referral,Winter,Returning,161.18,6,44.96
2024-11-25,Plumbing,Flyers,Fall,New,128.21,3,129.19
2024-07-17,Electrician,Google,Fall,Returning,179.47,8,152.44
2025-03-03,Electrician,Yelp,Fall,Returning,188.7,7,258.44
2025-02-21,Plumbing,Yelp,Summer,Returning,169.56,9,317.02
2025-03-22,Plumbing,Google,Fall,Returning,195.75,6,242.21
2024-05-05,Electrician,Google,Spring,Returning,13.64,1,40.23
2024-10-22,Plumbing,Google,Summer,Returning,11,2,46.76
2024-11-12,HVAC Repair,Referral,Fall,New,59.51,3,56.41
2024-12-06,Plumbing,Flyers,Winter,Returning,24.32,9,81.84
2024-12-19,Electrician,Yelp,Winter,New,27.81,6,55.47
2024-05-22,Cleaning,Google,Spring,Returning,154.8,9,185.62
2024-06-27,Plumbing,Flyers,Summer,Returning,141.61,7,37.22
2025-01-09,Cleaning,Yelp,Spring,Returning,127.5,4,107.44
2025-02-01,Electrician,Referral,Summer,Returning,95.78,6,252.97
2024-05-26,Plumbing,Google,Spring,Returning,149.51,10,466.31
2024-05-04,HVAC Repair,Yelp,Spring,New,186.6,7,307.27
2024-05-02,Cleaning,Referral,Spring,New,31.48,2,97.05
2024-06-30,Electrician,Google,Summer,New,177.51,4,129.95
2024-08-24,Electrician,Flyers,Winter,Returning,104.24,9,361.79
2024-11-18,Cleaning,Referral,Fall,New,113.44,3,101.56
2025-04-06,Electrician,Flyers,Winter,Returning,57.22,1,21.08
2025-03-24,HVAC Repair,Google,Fall,New,142.39,3,140.24
2024-09-10,HVAC Repair,Referral,Spring,New,182.62,8,73.27
2024-10-25,Plumbing,Referral,Summer,Returning,174.17,5,243.25
2024-07-13,Plumbing,Referral,Fall,Returning,96.17,2,85.69
2024-10-28,Plumbing,Yelp,Summer,New,124.91,8,283.96
2024-09-25,Electrician,Referral,Spring,Returning,134.16,6,54.49
2024-12-25,HVAC Repair,Flyers,Winter,New,101.32,1,48.24
2024-07-29,HVAC Repair,Yelp,Fall,New,89.31,7,210.63
2024-05-24,Electrician,Yelp,Spring,Returning,45.19,2,91.44
2024-10-18,Cleaning,Google,Summer,Returning,168.66,4,90.75
2025-02-14,Electrician,Yelp,Summer,New,50.59,6,135.72
2024-10-26,Electrician,Google,Summer,New,111.05,1,31.39
2024-10-08,HVAC Repair,Yelp,Summer,Returning,86.62,5,37.89
2024-05-14,Plumbing,Google,Spring,New,88.62,2,47.46
2024-11-26,HVAC Repair,Flyers,Fall,New,104.87,4,165.44
2024-07-13,HVAC Repair,Google,Fall,Returning,46.23,10,365.01
2025-03-05,Electrician,Google,Fall,Returning,152.74,4,20.57
2024-11-20,Cleaning,Flyers,Fall,New,31.03,3,126.46
2024-12-02,Cleaning,Referral,Winter,Returning,22.2,6,135.36
2025-01-28,Plumbing,Yelp,Spring,Returning,179.96,9,365.47
2024-05-03,Plumbing,Flyers,Spring,New,28.43,2,33.25
2024-07-21,Plumbing,Yelp,Fall,New,163.47,7,175.5
2024-07-10,Electrician,Flyers,Fall,Returning,144.48,5,231.75
2025-04-09,HVAC Repair,Flyers,Winter,New,144.11,10,56.07
2024-09-06,Electrician,Google,Spring,New,164.1,7,128.55
2025-01-28,HVAC Repair,Referral,Spring,New,86.34,5,46.16
2024-05-04,Cleaning,Yelp,Spring,New,196.33,10,294.33
2025-01-02,Cleaning,Referral,Spring,Returning,176.05,9,183.77
2025-01-16,Electrician,Referral,Spring,New,42.66,3,145.3
2024-05-25,Electrician,Google,Spring,Returning,130.92,8,279.42
2024-09-16,Plumbing,Google,Spring,Returning,27.57,1,22.05
2025-04-03,Cleaning,Referral,Winter,Returning,118.3,1,12.14
2025-01-27,Cleaning,Yelp,Spring,Returning,199.54,8,225.62
2024-08-31,Electrician,Referral,Winter,New,28.09,3,99.57
2025-04-08,Electrician,Flyers,Winter,Returning,73.46,3,116.97
2024-07-08,HVAC Repair,Yelp,Fall,Returning,194.35,8,360.46
2024-08-28,Plumbing,Referral,Winter,New,184.76,1,17.08
2025-01-22,Plumbing,Flyers,Spring,Returning,64.48,4,158.23
2024-08-28,Plumbing,Yelp,Winter,Returning,166.81,2,22.54
2024-05-21,Cleaning,Referral,Spring,New,141.47,10,402.89
2024-11-30,Electrician,Flyers,Fall,New,54.85,10,180.51
2024-11-29,Cleaning,Referral,Fall,New,81.31,5,94.08
2025-03-21,HVAC Repair,Yelp,Fall,New,83.78,10,327.66
2025-02-20,HVAC Repair,Google,Summer,New,131.72,6,255.04
2025-03-11,Plumbing,Yelp,Fall,New,15.34,10,194.27
2024-10-17,HVAC Repair,Referral,Summer,New,78.54,2,30.3
2024-08-30,Electrician,Yelp,Winter,Returning,155.17,5,121.25
2025-01-10,Cleaning,Yelp,Spring,Returning,117.68,9,197.78
2025-04-03,Cleaning,Flyers,Winter,New,74.42,9,62
2025-04-16,Cleaning,Referral,Winter,Returning,105.99,5,155.58
2024-06-06,Electrician,Yelp,Summer,Returning,161.73,2,46.14
2024-10-08,HVAC Repair,Referral,Summer,New,53.13,2,49.82
2024-07-16,Plumbing,Google,Fall,New,18.71,9,411.11
2024-11-18,HVAC Repair,Flyers,Fall,Returning,117.35,5,124.85
2025-03-26,Cleaning,Referral,Fall,New,47.75,8,349.49
2025-04-11,Electrician,Flyers,Winter,Returning,144.52,3,33.26
2024-11-04,Cleaning,Google,Fall,New,166.46,8,298.08
2024-12-21,Cleaning,Yelp,Winter,Returning,18.34,7,274.65
2025-03-13,Cleaning,Yelp,Fall,Returning,105.38,3,144.05
2024-09-07,Cleaning,Flyers,Spring,New,135.71,9,268.47
2024-09-18,Electrician,Yelp,Spring,Returning,65.23,1,6.32
2025-03-04,Cleaning,Referral,Fall,New,157.39,2,24.31
2025-03-13,Electrician,Referral,Fall,New,17.44,9,362.06
2024-10-20,Electrician,Referral,Summer,New,178.9,7,223.15
2024-12-16,Cleaning,Referral,Winter,Returning,144.63,1,18.42
2024-10-19,Plumbing,Google,Summer,Returning,169.24,4,173.38
2024-12-08,Plumbing,Flyers,Winter,Returning,108.61,3,52.95
2024-08-20,Cleaning,Google,Winter,Returning,129.83,6,152.21
2024-11-18,Cleaning,Google,Fall,New,45.04,4,64.55
2025-02-27,Plumbing,Google,Summer,Returning,25.13,3,45.88
2024-09-11,Plumbing,Yelp,Spring,New,45.28,10,490.2
2024-09-28,HVAC Repair,Flyers,Spring,New,14.03,2,18.28
2024-07-16,HVAC Repair,Referral,Fall,Returning,25.46,2,88.44
2024-09-21,Electrician,Yelp,Spring,New,119.69,1,42.36
2024-07-23,Plumbing,Flyers,Fall,New,170.76,1,22.85
2025-03-17,Plumbing,Flyers,Fall,New,142.75,6,162.29
2024-06-16,HVAC Repair,Yelp,Summer,Returning,46.62,2,90
2025-01-31,HVAC Repair,Google,Spring,Returning,166.38,4,199.91
2024-09-30,HVAC Repair,Google,Spring,New,32.47,7,141.22
2024-10-03,Electrician,Yelp,Summer,Returning,144.48,8,363.64
2025-02-15,Cleaning,Flyers,Summer,New,109.86,10,173.57
2024-08-04,Cleaning,Google,Winter,Returning,127.67,3,85.29
2024-09-22,HVAC Repair,Yelp,Spring,Returning,159.78,10,221.98
2024-06-06,HVAC Repair,Referral,Summer,Returning,31.99,9,181.87
2025-04-25,HVAC Repair,Google,Winter,New,110.15,3,84.45
2025-04-04,Electrician,Referral,Winter,Returning,96.42,6,38.45
2024-10-22,Plumbing,Flyers,Summer,New,186.49,2,28.5
2024-07-31,Plumbing,Referral,Fall,Returning,81.66,4,198.94
2024-07-07,Cleaning,Google,Fall,Returning,52.87,6,175.59
2024-10-29,Electrician,Referral,Summer,New,106.68,1,23.34
2025-01-27,HVAC Repair,Google,Spring,Returning,67.85,7,226.92
2024-06-10,Cleaning,Flyers,Summer,New,40.3,6,191.96
2024-05-13,Cleaning,Flyers,Spring,New,83.26,4,36.61
2024-05-26,HVAC Repair,Yelp,Spring,Returning,43.41,8,116.3
2024-09-13,Plumbing,Flyers,Spring,New,127.77,2,73.58
2024-10-27,Cleaning,Flyers,Summer,Returning,22.16,10,354.25
2025-03-12,Electrician,Yelp,Fall,New,67.43,8,60.29
2024-07-12,Cleaning,Google,Fall,New,18.11,10,142.71
2025-04-30,HVAC Repair,Flyers,Winter,New,90.52,10,291.4
2024-06-30,Plumbing,Referral,Summer,New,42.19,6,285.54
2024-07-06,Electrician,Referral,Fall,New,131.81,5,45.8
2025-02-27,Cleaning,Flyers,Summer,New,173.56,4,62.09
2024-06-27,Cleaning,Google,Summer,Returning,159.41,8,321.48
2024-12-13,Plumbing,Referral,Winter,Returning,136.28,4,37.23
2024-07-13,Cleaning,Flyers,Fall,Returning,165.84,1,32.21
2025-01-09,HVAC Repair,Google,Spring,Returning,158.29,4,69.85
2024-10-15,HVAC Repair,Yelp,Summer,Returning,141.07,9,374.48
2024-05-23,Plumbing,Flyers,Spring,New,197.56,3,118.92
2024-08-29,Plumbing,Referral,Winter,Returning,136.91,2,81.06
2024-08-15,HVAC Repair,Referral,Winter,New,67.48,5,27.6
2025-03-26,Cleaning,Google,Fall,New,33.45,10,475.87
2025-04-27,Cleaning,Referral,Winter,Returning,115.63,3,104.97
2025-04-08,Electrician,Referral,Winter,Returning,23.2,8,355.74
2025-02-23,HVAC Repair,Flyers,Summer,New,24.89,2,27.13
2024-12-15,Plumbing,Google,Winter,New,133.77,9,239.47
2024-08-23,HVAC Repair,Flyers,Winter,Returning,26.41,7,210.52
2025-04-21,Electrician,Yelp,Winter,Returning,14.12,4,32.35
2024-11-20,Electrician,Flyers,Fall,Returning,96.25,10,163.16
2025-02-03,Plumbing,Flyers,Summer,Returning,25.65,3,68.62
2024-11-27,Plumbing,Yelp,Fall,Returning,129.05,10,435.24
2025-02-25,Electrician,Referral,Summer,New,167.75,9,150.39
2025-01-19,HVAC Repair,Google,Spring,Returning,74.57,2,87.32
2024-12-16,Plumbing,Google,Winter,Returning,108.59,7,102.67
2024-06-16,HVAC Repair,Flyers,Summer,Returning,108.91,3,109
2025-01-08,Cleaning,Flyers,Spring,New,96.8,5,230.16
2024-10-02,HVAC Repair,Flyers,Summer,New,194.08,3,82.39
2024-07-15,HVAC Repair,Referral,Fall,Returning,40.01,1,8.29
2024-07-29,Cleaning,Yelp,Fall,Returning,168.57,7,68.76
2024-09-27,HVAC Repair,Flyers,Spring,New,83.52,9,202.48
2024-09-08,Plumbing,Flyers,Spring,Returning,152.67,6,97.79
2024-08-30,Electrician,Referral,Winter,New,136.49,7,277.42
2024-11-23,HVAC Repair,Yelp,Fall,Returning,148.73,9,135.51
2025-01-09,Cleaning,Referral,Spring,New,23.78,3,117.09
2024-10-10,Cleaning,Flyers,Summer,Returning,55.66,1,21.87
2024-11-06,Plumbing,Flyers,Fall,New,81.33,2,18.97
2025-03-23,HVAC Repair,Google,Fall,Returning,21.92,4,79.72
2024-12-01,Electrician,Yelp,Winter,New,198.16,1,10.69
2024-06-02,Cleaning,Google,Summer,Returning,154.48,6,135.5
2024-07-25,Electrician,Google,Fall,Returning,125.86,6,71.73
2024-08-15,Electrician,Google,Winter,Returning,131.17,5,62.88
2025-01-01,Cleaning,Yelp,Spring,New,84.51,8,167.39
2025-01-25,Plumbing,Flyers,Spring,New,121.31,8,281.54
2024-06-17,Plumbing,Google,Summer,Returning,134.39,4,138.43
2025-02-13,Plumbing,Flyers,Summer,Returning,38.52,3,81.02
2025-04-08,HVAC Repair,Flyers,Winter,Returning,35.41,6,35.86
2024-10-30,HVAC Repair,Yelp,Summer,New,79.03,6,122.25
2024-10-24,Cleaning,Referral,Summer,New,115.05,8,181.4
2025-03-31,Plumbing,Flyers,Fall,Returning,145.06,7,264.31
2024-10-05,Electrician,Yelp,Summer,Returning,45.72,8,331.18
2025-02-22,Cleaning,Google,Summer,New,96.86,3,27.48
2025-02-02,Electrician,Google,Summer,New,84.5,4,197.89
2024-12-26,Electrician,Google,Winter,Returning,86.27,8,317.59
2024-05-17,Electrician,Referral,Spring,Returning,111.43,9,93.52
2024-05-07,Electrician,Flyers,Spring,New,14.88,3,44.58
2024-06-29,HVAC Repair,Flyers,Summer,New,110.69,10,88.83
2024-12-03,HVAC Repair,Flyers,Winter,New,182.02,7,220.56
2024-05-20,HVAC Repair,Yelp,Spring,New,194.03,3,122.03
2024-11-17,HVAC Repair,Google,Fall,New,75.16,5,148.76
2024-12-17,HVAC Repair,Yelp,Winter,Returning,20.27,3,63.45
2024-09-07,Electrician,Referral,Spring,Returning,50.26,2,89.58
2025-03-14,Cleaning,Yelp,Fall,New,183.05,7,111.4
2025-02-04,Electrician,Referral,Summer,New,157.97,9,242.02
2025-03-08,Plumbing,Flyers,Fall,Returning,173.37,2,93.36
2024-10-31,Cleaning,Flyers,Summer,Returning,166.76,2,66
2024-10-13,Electrician,Referral,Summer,New,196.54,9,67.07
2024-11-29,HVAC Repair,Referral,Fall,New,36.66,4,111.46
2025-04-18,Cleaning,Flyers,Winter,New,178.46,1,29.65
2024-07-17,HVAC Repair,Referral,Fall,New,33.08,10,230.52
2025-03-06,Cleaning,Yelp,Fall,Returning,53.5,3,123.72
2025-04-25,HVAC Repair,Yelp,Winter,Returning,14.29,6,106.45
2024-07-09,Electrician,Referral,Fall,Returning,71.07,5,181.76
2025-02-02,Electrician,Google,Summer,New,36.11,6,195.15
2025-02-05,HVAC Repair,Yelp,Summer,New,18.25,6,296.07
2025-01-20,Plumbing,Referral,Spring,New,47.95,6,196.54
2024-11-22,Cleaning,Yelp,Fall,Returning,22.68,8,224
2024-07-05,Cleaning,Referral,Fall,New,124.29,3,66.46
2024-11-07,Plumbing,Google,Fall,New,163.57,2,30.08
2025-03-05,Plumbing,Referral,Fall,New,133.98,1,16.21
2025-01-05,Plumbing,Referral,Spring,New,11.49,5,178.12
2025-01-17,Electrician,Flyers,Spring,New,76.44,7,90.26
2024-12-25,HVAC Repair,Referral,Winter,Returning,167.31,1,43.02
2024-12-05,Electrician,Referral,Winter,Returning,31.14,8,365.21
2024-07-20,Cleaning,Google,Fall,New,150.84,6,131.26
2024-08-12,Electrician,Referral,Winter,Returning,50.52,7,76.62
2025-04-25,Plumbing,Flyers,Winter,New,145.57,8,186.3
2025-01-11,Electrician,Referral,Spring,New,197.38,4,89.33
2025-01-23,Plumbing,Referral,Spring,Returning,30.14,3,75.65
2025-04-25,HVAC Repair,Yelp,Winter,Returning,180.79,6,192.66
2024-09-20,Cleaning,Google,Spring,Returning,176.71,9,135.99
2025-01-25,Electrician,Referral,Spring,New,112.74,2,95.9
2024-08-05,Electrician,Flyers,Winter,New,70.28,1,34.92
2025-03-07,HVAC Repair,Referral,Fall,New,74.27,4,192.09
2024-09-28,Electrician,Google,Spring,New,41.31,6,125.6
2024-08-23,Cleaning,Referral,Winter,New,143.55,10,342.09
2024-07-02,Plumbing,Flyers,Fall,Returning,120.39,1,7.05
2025-04-01,Electrician,Yelp,Winter,Returning,126.11,2,73.8
2024-12-19,Electrician,Yelp,Winter,Returning,16.74,6,122.66
2024-05-21,Cleaning,Google,Spring,Returning,22.08,4,199.67
2024-12-29,Cleaning,Referral,Winter,Returning,95,9,177.28
2025-01-21,Cleaning,Google,Spring,Returning,78.54,10,379.13
2024-10-25,HVAC Repair,Google,Summer,Returning,32.87,3,135.41
2025-04-19,HVAC Repair,Referral,Winter,New,192.28,7,86.5
2024-09-14,HVAC Repair,Flyers,Spring,New,191.42,5,248.15
2025-04-30,Cleaning,Flyers,Winter,New,39.44,8,358.69
2024-06-15,Plumbing,Yelp,Summer,Returning,189.75,6,277.13
2024-09-17,Plumbing,Google,Spring,New,141.29,9,271.52
2024-11-13,HVAC Repair,Flyers,Fall,Returning,174.78,8,227.72
2024-09-29,Electrician,Flyers,Spring,New,116.96,10,217.55
2024-05-29,Plumbing,Flyers,Spring,New,116.77,4,160.78
2024-09-12,HVAC Repair,Yelp,Spring,New,48.66,5,126.21
2025-01-19,Electrician,Referral,Spring,New,120.42,9,320.83
2024-12-19,Plumbing,Yelp,Winter,New,50.27,8,108.25
2024-12-05,HVAC Repair,Yelp,Winter,Returning,154.04,4,156.35
2024-12-31,Cleaning,Flyers,Winter,New,66.5,4,97.3
2025-01-16,HVAC Repair,Referral,Spring,Returning,71.17,2,50.38
2024-09-23,HVAC Repair,Google,Spring,Returning,112.81,8,177.67
2024-09-25,Cleaning,Flyers,Spring,Returning,49.47,5,211.07
2025-01-17,HVAC Repair,Google,Spring,Returning,22.58,3,125.3
2024-12-09,Electrician,Referral,Winter,Returning,177.71,7,251.86
2024-06-13,Cleaning,Yelp,Summer,New,93.96,5,206.4
2024-11-24,HVAC Repair,Yelp,Fall,Returning,167.04,5,232.12
2024-08-05,Electrician,Referral,Winter,New,106.14,10,381.45
2024-08-31,Plumbing,Yelp,Winter,Returning,80.97,5,66.49
2024-05-28,HVAC Repair,Flyers,Spring,New,121.77,10,333.7
2024-06-26,Cleaning,Yelp,Summer,New,108.67,8,90.18
2024-10-05,Cleaning,Flyers,Summer,New,115.76,8,95.25
2024-09-30,Electrician,Referral,Spring,Returning,31.95,4,105.88
2024-07-31,HVAC Repair,Yelp,Fall,Returning,67.19,1,30.01
2025-04-25,Electrician,Google,Winter,New,101.76,4,174.75
2025-02-27,Plumbing,Google,Summer,New,109.37,6,154.85
2025-03-06,Electrician,Google,Fall,Returning,128.48,10,134.91
2024-12-12,HVAC Repair,Flyers,Winter,New,123.28,8,297.01
2025-03-30,Cleaning,Flyers,Fall,Returning,150,10,72.17
2024-12-01,Electrician,Referral,Winter,Returning,69.64,5,230.23
2024-07-12,Plumbing,Yelp,Fall,New,81.56,8,117.97
2024-11-05,HVAC Repair,Referral,Fall,Returning,108.99,2,79.05
2024-10-13,Electrician,Yelp,Summer,New,10.57,3,57.81
2024-08-04,Cleaning,Referral,Winter,New,44.1,6,110.11
2025-04-18,Cleaning,Yelp,Winter,New,199.32,10,293.83
2024-10-12,HVAC Repair,Flyers,Summer,Returning,153.78,6,140.31
2024-09-13,HVAC Repair,Flyers,Spring,New,96.27,5,70.34
2024-07-05,Plumbing,Google,Fall,Returning,49.47,6,272.9
2025-03-11,Plumbing,Flyers,Fall,New,135.84,1,47.82
2025-01-05,Cleaning,Yelp,Spring,Returning,96.65,8,160.07
2024-12-28,Plumbing,Flyers,Winter,Returning,120.2,10,417.93
2024-10-26,Plumbing,Referral,Summer,New,13.37,10,492.69
2024-06-19,HVAC Repair,Flyers,Summer,Returning,170.27,3,89.62
2024-09-03,HVAC Repair,Referral,Spring,New,123.38,9,293.43
2024-10-12,Cleaning,Referral,Summer,Returning,197.6,3,64.24
2024-09-27,Electrician,Referral,Spring,Returning,143.88,1,26.03
2024-10-12,HVAC Repair,Referral,Summer,New,12.4,1,32.53
2024-10-04,HVAC Repair,Referral,Summer,Returning,70.24,6,293.8
2024-11-05,Plumbing,Yelp,Fall,New,56.18,1,22.09
2024-07-01,HVAC Repair,Flyers,Fall,Returning,176.56,9,304.06
2024-09-26,Electrician,Yelp,Spring,New,61.01,1,25.57
2025-04-07,Electrician,Yelp,Winter,Returning,65.09,8,67.44
2024-09-07,Plumbing,Yelp,Spring,Returning,65.79,6,296.81
2024-07-19,HVAC Repair,Yelp,Fall,Returning,87.09,1,20.36
2025-03-10,Cleaning,Google,Fall,New,121.26,1,47.62
2024-05-25,Cleaning,Google,Spring,New,50.54,8,99.14
2025-02-03,Electrician,Referral,Summer,New,199.16,5,243.56
2024-11-02,Cleaning,Yelp,Fall,New,69.88,4,194.48
2024-08-05,HVAC Repair,Flyers,Winter,New,160.14,1,27.76
2024-10-23,Cleaning,Google,Summer,New,185.23,8,98.2
2024-09-24,Electrician,Referral,Spring,Returning,15.5,6,240.1
2024-08-23,Electrician,Yelp,Winter,Returning,179.99,7,197.79
2024-10-22,Electrician,Google,Summer,New,172.2,8,355.93
2025-02-24,HVAC Repair,Flyers,Summer,New,122.87,1,19
2025-03-06,Plumbing,Flyers,Fall,Returning,151.95,5,95.38
2025-02-05,Plumbing,Flyers,Summer,Returning,177.94,7,116.09
2024-11-12,HVAC Repair,Yelp,Fall,New,61.62,10,405.01
2024-11-01,Cleaning,Google,Fall,Returning,157.93,2,36.14
2025-03-19,Cleaning,Yelp,Fall,Returning,48.33,1,43.54
2024-08-11,HVAC Repair,Google,Winter,New,158.35,5,183.89
2024-06-20,HVAC Repair,Flyers,Summer,Returning,115.09,10,419.14
2025-04-10,HVAC Repair,Yelp,Winter,Returning,68.61,7,287.48
2025-03-11,HVAC Repair,Referral,Fall,New,22.77,7,306.61
2024-08-24,Cleaning,Flyers,Winter,New,107.12,8,186.81
2024-08-15,HVAC Repair,Referral,Winter,New,30.44,7,260.08
2025-04-13,HVAC Repair,Referral,Winter,Returning,30.88,3,34.85
2024-07-09,Cleaning,Google,Fall,Returning,14.41,1,22.6
2024-08-27,Electrician,Google,Winter,New,117.53,8,114.15
2024-06-14,HVAC Repair,Referral,Summer,New,34.46,2,33.68
2024-07-03,HVAC Repair,Yelp,Fall,Returning,145.25,10,242.24
2025-02-21,Cleaning,Flyers,Summer,New,102.16,8,128.42
2025-01-11,HVAC Repair,Yelp,Spring,Returning,130.22,7,278.84
2025-02-03,HVAC Repair,Google,Summer,Returning,174.53,10,192.14
2024-07-09,Electrician,Referral,Fall,Returning,111.62,10,279.12
2024-12-05,HVAC Repair,Flyers,Winter,New,27.57,6,275.84
2025-01-29,Plumbing,Referral,Spring,Returning,186.84,6,180.12
2025-03-20,Plumbing,Google,Fall,Returning,190.07,8,74.22
2025-04-02,HVAC Repair,Google,Winter,Returning,10.69,5,197.21
2024-12-18,HVAC Repair,Google,Winter,New,170.46,8,278.81
2025-03-29,Plumbing,Referral,Fall,New,124.81,5,94.27
2024-07-31,Plumbing,Flyers,Fall,New,143.36,9,142.93
2025-02-19,Cleaning,Referral,Summer,Returning,40.79,6,241.1
2024-06-10,HVAC Repair,Referral,Summer,New,84.86,9,147.04
2024-12-25,HVAC Repair,Yelp,Winter,Returning,83.82,5,188.22
2025-04-04,HVAC Repair,Flyers,Winter,Returning,114.19,2,99.8
2025-02-10,Cleaning,Yelp,Summer,New,103.99,8,136.71
2024-07-29,HVAC Repair,Google,Fall,Returning,134.36,6,273.58
2024-11-08,Cleaning,Google,Fall,New,107.63,6,44.56
2024-10-11,Cleaning,Flyers,Summer,Returning,89.21,6,90
2024-07-18,Plumbing,Google,Fall,Returning,54.97,2,95.22
2024-11-10,Electrician,Referral,Fall,Returning,63.74,6,153.58
2024-11-19,Plumbing,Flyers,Fall,New,108.29,2,49.59
2025-02-16,Electrician,Referral,Summer,New,101.88,2,56.14
2024-12-17,HVAC Repair,Google,Winter,Returning,32.84,2,43.87
2024-09-05,Plumbing,Yelp,Spring,New,102.3,10,310.08
2024-10-09,Electrician,Yelp,Summer,New,180.37,7,142.07
2024-11-27,HVAC Repair,Yelp,Fall,Returning,10.25,3,71.39
2024-07-15,Cleaning,Referral,Fall,New,16.75,2,25.42
2024-06-30,HVAC Repair,Flyers,Summer,New,186.05,8,103.09
2024-10-13,Plumbing,Referral,Summer,New,177.2,2,34.43
2024-10-10,Cleaning,Flyers,Summer,New,132.9,6,180.11
2025-02-05,Cleaning,Flyers,Summer,New,21.09,9,417.82
2024-11-16,Electrician,Referral,Fall,New,118.68,10,481.94
2024-05-08,Electrician,Google,Spring,New,178.72,9,409.81
2024-12-05,HVAC Repair,Google,Winter,Returning,76.69,9,363.2
2024-12-07,Plumbing,Referral,Winter,Returning,121.57,6,242.27
2025-03-20,Plumbing,Flyers,Fall,Returning,82.8,3,137.43
2025-01-15,Cleaning,Referral,Spring,Returning,75.23,7,176.62
2025-04-21,Plumbing,Referral,Winter,New,101.29,4,185.34
2024-08-20,Electrician,Google,Winter,New,169.51,8,142.35
2024-09-03,HVAC Repair,Google,Spring,New,100.82,9,107.26
2025-03-17,Electrician,Google,Fall,New,122.82,1,13.31
2024-10-21,Plumbing,Referral,Summer,New,154.79,6,75.48
2025-02-08,HVAC Repair,Flyers,Summer,New,66.35,7,273.59
2025-01-06,Plumbing,Yelp,Spring,New,12.26,5,180.8
2024-06-15,Cleaning,Flyers,Summer,New,16.86,6,107.56
2024-12-17,Electrician,Yelp,Winter,New,127.86,10,331.61
2024-05-06,Electrician,Yelp,Spring,New,105.3,7,221.86
2025-01-17,HVAC Repair,Google,Spring,Returning,91.79,7,165
2025-04-02,HVAC Repair,Referral,Winter,Returning,130.96,4,79.5
2025-04-04,HVAC Repair,Referral,Winter,New,153.49,9,180.57
2025-02-16,Cleaning,Yelp,Summer,New,181.49,5,166.85
2024-08-09,Cleaning,Flyers,Winter,New,143.36,10,164.91
2025-04-18,HVAC Repair,Google,Winter,Returning,69.3,5,53.27
2024-08-07,Cleaning,Referral,Winter,New,124.95,10,162.41
2024-11-19,Cleaning,Google,Fall,New,157.25,5,101.08
2024-07-08,HVAC Repair,Referral,Fall,New,72.14,1,39.54
2024-06-26,Cleaning,Referral,Summer,New,95.82,9,95
2024-10-10,Electrician,Referral,Summer,New,45.2,1,23.34
2024-09-21,HVAC Repair,Referral,Spring,New,197.3,1,14.47
2024-09-12,Cleaning,Yelp,Spring,Returning,191.65,5,177.41
2024-10-14,HVAC Repair,Yelp,Summer,New,170.16,9,431.98
2024-09-15,Cleaning,Referral,Spring,Returning,137.31,8,290.62
2024-08-19,Electrician,Yelp,Winter,Returning,147.44,7,222.12
2025-03-24,Electrician,Yelp,Fall,New,81.92,5,32.57
2024-09-25,Plumbing,Google,Spring,Returning,183.83,10,374.74
2024-12-25,Plumbing,Referral,Winter,Returning,175.33,9,446.24
2025-02-22,HVAC Repair,Referral,Summer,Returning,115.67,2,62.64
2024-09-12,HVAC Repair,Flyers,Spring,New,15.57,8,324.79
2024-10-14,Cleaning,Yelp,Summer,Returning,22.08,10,136.72
2024-05-19,Cleaning,Yelp,Spring,New,77.18,10,347.57
2024-06-22,Electrician,Yelp,Summer,Returning,119.61,7,243.89
2024-07-22,Electrician,Google,Fall,Returning,151.03,5,58.26
2024-12-23,HVAC Repair,Google,Winter,Returning,138.42,1,16.65
2025-02-14,Electrician,Flyers,Summer,Returning,105.17,5,44.26
2024-08-08,Electrician,Yelp,Winter,New,24.96,5,114.87
2024-06-14,Plumbing,Yelp,Summer,Returning,52.04,3,44.62
2024-08-23,Electrician,Flyers,Winter,New,21.22,8,242.73
2024-12-12,HVAC Repair,Flyers,Winter,Returning,169.58,6,220.95
2024-05-25,Electrician,Google,Spring,New,151.71,4,160.82
2025-01-30,HVAC Repair,Yelp,Spring,New,147.57,6,249
2025-01-13,Cleaning,Referral,Spring,New,130.13,10,455.03
2024-11-21,Cleaning,Flyers,Fall,New,62.92,2,60.74
2025-03-26,HVAC Repair,Google,Fall,New,170.48,6,146.37
2024-10-03,Cleaning,Flyers,Summer,New,147.08,9,232.61
2025-04-06,Electrician,Google,Winter,Returning,153.8,5,108.72
2024-07-09,Electrician,Referral,Fall,New,70.62,6,197.62
2024-12-22,HVAC Repair,Google,Winter,Returning,74.49,9,362.57
2024-06-11,HVAC Repair,Yelp,Summer,Returning,147.82,7,231.8
2025-04-14,Cleaning,Yelp,Winter,Returning,158.43,2,69.88
2025-03-05,Electrician,Flyers,Fall,New,56.21,9,107.81
2024-05-22,Electrician,Google,Spring,Returning,50.54,7,331.75
2024-10-08,Electrician,Flyers,Summer,Returning,197.24,5,121.53
2025-04-16,Electrician,Google,Winter,Returning,41.5,4,170.31
2024-12-12,Electrician,Google,Winter,New,148.01,2,68.18
2024-05-12,Electrician,Yelp,Spring,New,112.58,6,287.84
2024-06-03,Plumbing,Flyers,Summer,New,187.04,3,111.47
2024-06-06,HVAC Repair,Referral,Summer,New,60.44,8,391.48
2024-11-22,Plumbing,Flyers,Fall,Returning,10.73,7,102.16
2025-04-20,HVAC Repair,Referral,Winter,Returning,23.12,9,389.41
2024-07-14,Electrician,Google,Fall,New,182.38,7,229.6
2024-11-04,Plumbing,Flyers,Fall,Returning,145.51,2,29.73
2024-11-30,Cleaning,Referral,Fall,Returning,82.6,9,353.59
2024-07-03,HVAC Repair,Flyers,Fall,New,107.65,10,206.8
2025-03-06,Electrician,Google,Fall,New,189.08,4,95.9
2024-12-15,HVAC Repair,Yelp,Winter,Returning,84.67,5,54.05
2024-12-14,Cleaning,Referral,Winter,New,180.69,7,87.21
2025-02-27,HVAC Repair,Flyers,Summer,Returning,141.43,10,344.07
2024-08-11,HVAC Repair,Flyers,Winter,New,122.32,5,176.14
2025-03-12,Electrician,Yelp,Fall,New,60.62,10,155.09
2024-06-19,Plumbing,Yelp,Summer,Returning,151.64,9,55.54
2025-02-03,Plumbing,Referral,Summer,Returning,114.62,7,284.18
2025-03-20,Plumbing,Flyers,Fall,Returning,171.47,7,53.55
2024-09-15,Cleaning,Flyers,Spring,Returning,172.86,6,176.26
2024-08-20,Cleaning,Referral,Winter,Returning,130.02,7,342.84
2024-09-16,Plumbing,Flyers,Spring,New,124.32,9,137.85
2025-04-12,Plumbing,Google,Winter,New,66,1,10.15
2024-09-04,Cleaning,Flyers,Spring,New,102.8,3,120.92
2024-08-04,Cleaning,Flyers,Winter,Returning,83.17,5,226.32
2025-03-31,Electrician,Referral,Fall,Returning,39.86,5,186.06
2024-05-10,Electrician,Flyers,Spring,Returning,137.6,8,119.15
2024-06-29,Cleaning,Referral,Summer,New,185.04,9,141.91
2024-09-06,HVAC Repair,Flyers,Spring,Returning,96.7,4,176.28
2025-05-01,HVAC Repair,Flyers,Spring,New,197.55,7,332.55
2024-11-27,Plumbing,Flyers,Fall,Returning,174.53,5,82.22
2024-08-14,Electrician,Referral,Winter,Returning,195.69,10,268.88
2025-02-07,Electrician,Flyers,Summer,Returning,123.91,2,67.75
2024-05-11,Electrician,Yelp,Spring,New,135.35,9,287.02
2025-04-15,Plumbing,Yelp,Winter,New,137.87,6,278.3
2025-03-08,Plumbing,Referral,Fall,New,131.8,6,71.77
2025-02-25,HVAC Repair,Google,Summer,New,17.12,3,116.51
2025-01-17,HVAC Repair,Yelp,Spring,Returning,164.47,5,135.1
2024-07-12,HVAC Repair,Flyers,Fall,Returning,149.95,2,69.71
2024-07-14,Cleaning,Flyers,Fall,New,51.41,6,281.88
2024-09-09,HVAC Repair,Yelp,Spring,New,53.35,2,47.78
2024-09-24,Electrician,Flyers,Spring,Returning,124.85,8,324.86
2024-06-29,Plumbing,Yelp,Summer,Returning,129.63,9,372.8
2025-02-28,Cleaning,Referral,Summer,Returning,171.34,6,244.44
2024-09-03,Cleaning,Flyers,Spring,New,154.48,2,94.96
2024-12-20,Cleaning,Flyers,Winter,Returning,180.96,7,162.32
2025-02-05,HVAC Repair,Yelp,Summer,New,79.28,9,242.45
2024-06-09,HVAC Repair,Referral,Summer,Returning,83.58,5,111.28
2024-09-23,Electrician,Yelp,Spring,New,196.19,3,143.55
2024-05-06,Plumbing,Yelp,Spring,Returning,19.34,2,29.19
2024-11-21,Electrician,Google,Fall,New,52.75,10,312.44
2024-11-21,Electrician,Yelp,Fall,New,46.08,2,74.36
2024-06-30,Cleaning,Flyers,Summer,New,12.49,7,126.73
2025-05-02,Cleaning,Google,Spring,New,141.13,8,140.05
2024-07-11,HVAC Repair,Flyers,Fall,Returning,143.08,3,26.58
2024-12-31,Cleaning,Referral,Winter,Returning,93.03,3,121.44
2024-07-23,Cleaning,Flyers,Fall,New,90.35,8,168.65
2024-07-16,HVAC Repair,Yelp,Fall,New,58.76,1,18.1
2025-04-08,Electrician,Google,Winter,Returning,21.62,1,20.17
2024-11-29,HVAC Repair,Referral,Fall,Returning,13.96,10,435.92
2025-02-23,Plumbing,Yelp,Summer,Returning,67.92,8,300.87
2025-03-10,Plumbing,Google,Fall,Returning,94.29,6,94.65
2025-03-05,HVAC Repair,Flyers,Fall,Returning,65.05,8,195.73
2024-07-19,Electrician,Referral,Fall,New,134.35,1,8.09
2024-12-04,Cleaning,Yelp,Winter,Returning,181.96,7,254.64
2024-10-17,Electrician,Yelp,Summer,New,38,6,135.67
2024-11-02,Electrician,Flyers,Fall,Returning,10.66,9,216
2025-02-20,Electrician,Yelp,Summer,New,43.77,3,120.36
2024-05-25,Cleaning,Flyers,Spring,Returning,199.85,2,47.43
2024-10-22,Electrician,Yelp,Summer,Returning,186.78,3,144.48
2025-01-23,Plumbing,Referral,Spring,New,112.51,10,81.99
2024-05-28,Plumbing,Yelp,Spring,New,118.52,6,152.85
2025-03-13,Electrician,Referral,Fall,Returning,134.01,1,45.7
2025-04-25,HVAC Repair,Flyers,Winter,Returning,104.19,3,104.97
2025-04-18,Electrician,Referral,Winter,New,50.16,5,207.23
2024-07-24,HVAC Repair,Referral,Fall,New,151.22,1,47.55
2025-03-17,Plumbing,Referral,Fall,New,32.15,8,117.16
2025-05-02,Cleaning,Yelp,Spring,Returning,130.17,1,17.44
2025-03-02,Electrician,Flyers,Fall,New,146.66,4,76.67
2024-12-18,Cleaning,Flyers,Winter,Returning,65.74,4,44.57
2024-09-01,HVAC Repair,Yelp,Spring,Returning,95.46,6,158.14
2025-04-17,HVAC Repair,Flyers,Winter,Returning,32.63,10,308.63
2024-05-19,Cleaning,Referral,Spring,New,91.88,9,338.35
2024-09-09,Electrician,Yelp,Spring,New,62.1,3,38.49
2024-06-04,HVAC Repair,Yelp,Summer,Returning,23.1,1,6.45
2024-09-11,Plumbing,Google,Spring,New,102.92,9,178.06
2025-02-01,Electrician,Referral,Summer,New,177.86,1,13.03
2025-01-29,HVAC Repair,Flyers,Spring,Returning,166.66,4,199.16
2025-04-09,HVAC Repair,Referral,Winter,Returning,64.84,8,85.48
2025-04-17,Plumbing,Google,Winter,New,184.59,5,44.71
2025-01-05,Plumbing,Flyers,Spring,Returning,186.13,5,86.74
2024-06-14,Plumbing,Referral,Summer,New,191.56,8,284.82
2024-06-03,Cleaning,Google,Summer,New,195.06,7,62.88
2024-10-28,HVAC Repair,Yelp,Summer,Returning,75.76,5,67.94
2025-03-03,Plumbing,Google,Fall,Returning,97.85,6,183.09
2024-12-15,Plumbing,Google,Winter,New,180.4,2,42.42
2025-02-15,HVAC Repair,Google,Summer,New,18.44,5,133.05
2024-10-30,Electrician,Referral,Summer,New,186.8,10,491.13
2025-01-31,Plumbing,Referral,Spring,Returning,23.42,1,34.71
2024-08-22,Cleaning,Flyers,Winter,Returning,99.05,7,113.48
2025-02-09,HVAC Repair,Google,Summer,Returning,51.88,2,36.41
2024-10-20,Cleaning,Flyers,Summer,Returning,128.19,5,88.04
2024-11-21,Plumbing,Flyers,Fall,Returning,88.17,4,195.02
2025-03-19,Electrician,Google,Fall,Returning,142.06,4,30.6
2024-08-06,HVAC Repair,Google,Winter,Returning,171.74,10,486.18
2024-11-20,HVAC Repair,Flyers,Fall,New,57.42,6,89.15
2024-09-05,Plumbing,Flyers,Spring,Returning,119.65,10,492.63
2024-07-09,HVAC Repair,Referral,Fall,New,95.96,5,60.24
2024-10-21,Electrician,Yelp,Summer,Returning,84.32,6,146.46
2024-12-30,HVAC Repair,Google,Winter,Returning,131.6,6,127.89
2024-12-20,Plumbing,Flyers,Winter,Returning,44.03,6,269.01
2024-05-22,Electrician,Flyers,Spring,Returning,149.81,3,46.6
2024-10-17,Electrician,Yelp,Summer,Returning,90.51,1,13.01
2024-11-25,Cleaning,Referral,Fall,New,134.02,2,88.29
2025-03-25,Plumbing,Google,Fall,Returning,170.28,9,98.31
2025-02-17,Cleaning,Google,Summer,New,27.62,8,317.87
2025-04-17,Plumbing,Yelp,Winter,New,187.22,1,43.23
2024-12-15,HVAC Repair,Referral,Winter,Returning,114.88,5,73.63
2025-01-07,Cleaning,Flyers,Spring,New,152.61,3,60.55
2024-06-11,Plumbing,Referral,Summer,New,146.48,5,91.7
2024-09-09,Plumbing,Referral,Spring,Returning,177.89,3,101.49
2025-02-16,HVAC Repair,Flyers,Summer,New,112.28,10,172.35
2024-05-17,Electrician,Google,Spring,Returning,147.78,1,26.86
2024-06-29,Cleaning,Yelp,Summer,New,11.77,2,39.62
2024-07-13,HVAC Repair,Google,Fall,New,117.23,9,370.8
2025-04-28,Electrician,Yelp,Winter,New,102.09,6,96.89
2024-05-07,Electrician,Referral,Spring,New,51.11,3,138.21
2024-05-20,HVAC Repair,Yelp,Spring,New,165.29,1,29.82
2024-09-08,Plumbing,Referral,Spring,Returning,171.67,1,45.36
2024-12-30,Plumbing,Yelp,Winter,New,47.3,3,70.39
2024-05-16,HVAC Repair,Flyers,Spring,Returning,134.74,7,280.18
2025-03-16,Cleaning,Flyers,Fall,Returning,102.99,4,146.04
2024-09-30,Electrician,Google,Spring,New,162.12,7,247.29
2024-10-08,Cleaning,Yelp,Summer,Returning,57.47,3,77.57
2025-02-20,HVAC Repair,Flyers,Summer,New,156.98,10,479.25
2025-01-16,Cleaning,Yelp,Spring,New,32.17,10,443.86
2025-03-22,HVAC Repair,Yelp,Fall,Returning,108.93,4,168.47
2024-11-22,Plumbing,Google,Fall,Returning,28.8,9,205.72
2024-06-21,Plumbing,Referral,Summer,New,50.27,4,169.58
2024-07-14,Plumbing,Google,Fall,New,132.98,5,68.64
2024-09-19,Electrician,Referral,Spring,Returning,66.51,8,355.28
2024-08-22,HVAC Repair,Referral,Winter,New,54.37,1,8.47
2024-07-07,Electrician,Referral,Fall,Returning,163.25,2,18.36
2024-11-25,HVAC Repair,Flyers,Fall,New,59.21,5,205.54
2024-07-04,Plumbing,Google,Fall,New,163.36,8,369.89
2024-11-29,Cleaning,Google,Fall,Returning,47.17,1,7.31
2024-05-06,HVAC Repair,Referral,Spring,Returning,176.04,4,144.26
2024-11-11,Cleaning,Yelp,Fall,Returning,150.8,6,155.65
2025-01-20,HVAC Repair,Google,Spring,Returning,184.79,7,219.08
2024-07-09,Electrician,Yelp,Fall,Returning,151.22,1,34.66
2024-05-05,Electrician,Flyers,Spring,Returning,186.34,5,95.04
2025-03-01,Plumbing,Google,Fall,New,136.73,2,91.69
2024-10-08,Plumbing,Flyers,Summer,Returning,158.84,9,170.45
2024-06-11,HVAC Repair,Flyers,Summer,Returning,77.33,5,60.97
2024-08-16,Plumbing,Referral,Winter,New,29.98,3,98.35
2024-07-14,Electrician,Flyers,Fall,Returning,182.11,7,205.39
2024-12-09,Cleaning,Google,Winter,Returning,116.14,4,105.58
2024-11-04,Plumbing,Flyers,Fall,Returning,28.1,1,48.31
2024-09-03,Cleaning,Flyers,Spring,New,13.93,6,278.94
2024-05-05,HVAC Repair,Yelp,Spring,Returning,13.36,9,132.34
2024-11-21,Electrician,Yelp,Fall,New,34.3,8,233.09
2025-04-04,Plumbing,Yelp,Winter,New,89.86,2,70.11
2024-08-20,Electrician,Yelp,Winter,New,142.24,9,240.56
2025-04-12,Plumbing,Yelp,Winter,New,34.21,6,258.46
2025-01-25,Cleaning,Yelp,Spring,Returning,92.94,9,430.45
2024-12-25,Plumbing,Referral,Winter,Returning,93.08,2,60.99
2024-12-14,Electrician,Referral,Winter,New,164.15,5,201.86
2025-01-29,Cleaning,Flyers,Spring,New,129.99,8,265.43
2024-07-01,Electrician,Google,Fall,New,54.34,10,382.19
2025-03-01,HVAC Repair,Flyers,Fall,Returning,88.19,7,243.02
2024-07-13,HVAC Repair,Yelp,Fall,New,111.75,1,32.21
2024-09-25,Plumbing,Google,Spring,Returning,37.35,4,23.71
2025-02-13,Cleaning,Referral,Summer,Returning,102.32,4,60.46
2025-01-23,Electrician,Flyers,Spring,New,90.14,2,49.17
2024-05-23,Electrician,Flyers,Spring,New,159.3,4,90.74
2024-11-21,HVAC Repair,Google,Fall,Returning,120.68,8,274.85
2024-06-07,Cleaning,Referral,Summer,New,68.68,7,68.28
2024-08-12,Electrician,Google,Winter,New,92.21,4,62.29
2024-05-31,HVAC Repair,Referral,Spring,Returning,137.72,2,81.83
2024-05-12,Electrician,Google,Spring,Returning,42.6,4,142.92
2024-09-05,HVAC Repair,Flyers,Spring,New,75.45,5,187.81
2024-08-05,Cleaning,Yelp,Winter,Returning,63.64,2,98.99
2025-03-22,Plumbing,Referral,Fall,Returning,35.49,9,316.4
2024-12-18,HVAC Repair,Google,Winter,Returning,106.05,8,250.96
2024-12-04,Plumbing,Flyers,Winter,Returning,43.28,6,260.59
2024-05-16,HVAC Repair,Yelp,Spring,New,137.48,1,9.64
2024-06-01,Plumbing,Google,Summer,New,132.23,7,192.95
2024-10-22,Electrician,Google,Summer,New,188.47,4,177.08
2024-11-13,Electrician,Referral,Fall,New,193.98,2,58.9
2024-09-13,Cleaning,Referral,Spring,New,35.33,3,114.19
2025-04-26,Electrician,Referral,Winter,New,141.36,8,124.28
2025-02-13,Cleaning,Yelp,Summer,Returning,108.53,9,92.08
2024-09-08,Plumbing,Referral,Spring,Returning,199.67,4,39.63
2025-01-25,HVAC Repair,Referral,Spring,New,116.28,8,300.88
2024-11-18,Cleaning,Flyers,Fall,New,73.25,4,197.5
2024-10-27,Plumbing,Flyers,Summer,New,191.66,7,274.04
2024-08-31,Cleaning,Google,Winter,Returning,91.8,2,21.16
2024-07-12,Plumbing,Flyers,Fall,New,189.3,6,52.67
2025-03-14,Electrician,Yelp,Fall,Returning,113.7,3,129.53
2024-09-02,Electrician,Google,Spring,Returning,48.97,8,249.13
2024-07-19,Electrician,Flyers,Fall,New,80.15,3,92.9
2024-12-21,Plumbing,Referral,Winter,Returning,175.43,10,189.51
2024-09-22,Cleaning,Flyers,Spring,New,48.9,5,41.05
2025-03-12,HVAC Repair,Referral,Fall,New,23.38,9,220.72
2025-04-03,HVAC Repair,Google,Winter,Returning,123.58,5,69.02
2024-05-16,HVAC Repair,Referral,Spring,Returning,152.48,8,388.44
2025-03-02,HVAC Repair,Referral,Fall,New,168.92,9,59.42
2024-12-10,Electrician,Google,Winter,Returning,177.78,2,68.5
2025-03-27,Electrician,Flyers,Fall,Returning,162.78,7,299.12
2024-06-10,Cleaning,Flyers,Summer,New,152.33,6,279.68
2024-08-16,HVAC Repair,Referral,Winter,Returning,42.87,2,63.85
2024-05-09,HVAC Repair,Yelp,Spring,New,109.29,7,161.31
2024-06-25,HVAC Repair,Google,Summer,Returning,33.09,6,276.78
2024-11-23,Cleaning,Google,Fall,Returning,27.01,7,48.51
2025-03-13,HVAC Repair,Google,Fall,New,117.06,10,184.31
2024-09-19,Plumbing,Google,Spring,New,129.69,10,479.54
2025-02-12,Electrician,Flyers,Summer,New,71.57,6,40.85
2024-12-27,Plumbing,Google,Winter,Returning,90.62,7,132.23
2024-07-09,HVAC Repair,Google,Fall,Returning,173.6,9,409.63
2025-03-11,Cleaning,Yelp,Fall,Returning,187.35,9,54.87
2025-03-02,Plumbing,Referral,Fall,New,141.91,6,107.94
2024-05-30,Electrician,Referral,Spring,New,47.32,4,149.33
2024-06-17,Cleaning,Google,Summer,Returning,151.05,10,289.83
2024-07-14,Cleaning,Referral,Fall,New,114.93,6,228.13
2024-10-04,HVAC Repair,Flyers,Summer,New,119.14,8,384.62
2025-04-11,Plumbing,Yelp,Winter,New,37.4,9,283.05
2024-07-23,Plumbing,Yelp,Fall,New,21.09,2,55.81
2024-08-02,Plumbing,Flyers,Winter,Returning,158.85,10,101.6
2024-11-14,Electrician,Google,Fall,Returning,180.42,9,334.71
2025-02-11,Electrician,Flyers,Summer,New,110.05,2,67.13
2024-12-11,HVAC Repair,Referral,Winter,New,59.77,5,145.59
2024-11-14,HVAC Repair,Google,Fall,Returning,57.72,8,357.86
2025-04-24,HVAC Repair,Google,Winter,Returning,15.79,2,47.36
2024-12-25,Cleaning,Google,Winter,New,180.41,10,361.04
2024-12-14,HVAC Repair,Yelp,Winter,New,143.03,4,76.34
2024-06-04,Electrician,Flyers,Summer,New,129.18,6,288.51
2024-11-19,HVAC Repair,Flyers,Fall,Returning,188.39,8,221.98
2025-04-04,Electrician,Yelp,Winter,Returning,193.96,6,93.02
2025-03-04,Electrician,Flyers,Fall,Returning,181.23,5,147.34
2024-07-20,Cleaning,Referral,Fall,New,43.72,7,236.74
2024-12-05,Electrician,Google,Winter,Returning,87.2,4,28.47
2024-12-02,HVAC Repair,Yelp,Winter,Returning,18.52,3,91.16
2024-06-03,HVAC Repair,Flyers,Summer,New,152.94,2,73.69
2024-06-06,HVAC Repair,Flyers,Summer,New,63.96,3,111.47
2024-05-21,Plumbing,Yelp,Spring,New,89.93,4,116.54
2024-11-16,Cleaning,Google,Fall,Returning,155.24,8,298.69
2024-10-30,Cleaning,Flyers,Summer,Returning,118.55,6,33.64
2024-11-02,Electrician,Google,Fall,Returning,197.37,2,97.68
2024-05-14,HVAC Repair,Google,Spring,New,65.77,6,35.61
2024-05-02,Plumbing,Flyers,Spring,Returning,130.72,9,232.68
2024-09-12,Electrician,Flyers,Spring,Returning,165.41,1,33.81
2024-12-05,Electrician,Referral,Winter,New,140.93,6,254.56
2025-02-09,Cleaning,Referral,Summer,New,156.44,4,158.87
2024-08-21,Plumbing,Referral,Winter,New,199.34,10,200.63
2024-07-10,Cleaning,Yelp,Fall,New,131.58,5,142.54
2025-01-11,Electrician,Google,Spring,New,109.58,1,13.07
2024-09-22,HVAC Repair,Google,Spring,Returning,67.2,10,194.21
2024-08-28,Electrician,Referral,Winter,New,43.3,3,92.14
2024-10-06,Plumbing,Flyers,Summer,Returning,116.68,4,62.69
2024-12-17,HVAC Repair,Flyers,Winter,New,175.36,7,107.82
2024-11-27,Cleaning,Google,Fall,New,71.58,2,85.97
2024-08-08,HVAC Repair,Referral,Winter,New,173.68,10,432.09
2024-12-12,Cleaning,Flyers,Winter,New,156.56,8,280.32
2024-09-08,Cleaning,Google,Spring,Returning,12.39,9,97.73
2025-04-28,Plumbing,Referral,Winter,New,147.44,6,183.23
2025-04-20,Electrician,Google,Winter,New,112.98,6,36.98
2024-07-14,HVAC Repair,Flyers,Fall,Returning,130.95,1,14.13
2025-01-14,Plumbing,Yelp,Spring,New,199.44,8,170.84
2024-12-09,Plumbing,Google,Winter,Returning,28.11,2,13.41
2025-01-04,Electrician,Flyers,Spring,Returning,47.64,8,386.94
2024-10-27,Electrician,Referral,Summer,Returning,77.57,9,352.44
2024-11-02,Electrician,Referral,Fall,New,70.59,4,55.63
2024-10-29,Cleaning,Referral,Summer,New,174.73,1,34.19
2025-02-21,Plumbing,Google,Summer,Returning,138.79,3,126.65
2025-03-14,Electrician,Flyers,Fall,New,197.07,10,376.65
2025-02-15,Plumbing,Google,Summer,New,193.17,6,132.2
2025-04-29,Cleaning,Flyers,Winter,Returning,132.19,3,140.32
2025-04-21,Cleaning,Yelp,Winter,Returning,175.42,6,248.59
2025-04-22,Cleaning,Yelp,Winter,Returning,42.81,3,50.4
2025-01-02,Electrician,Flyers,Spring,Returning,180.65,9,201.81
2024-12-29,Electrician,Referral,Winter,Returning,122.03,6,142.29
2024-07-22,Cleaning,Google,Fall,New,43.75,2,97.82
2024-09-06,Cleaning,Flyers,Spring,New,122.87,9,258.52
2024-07-09,Cleaning,Google,Fall,Returning,122.47,10,88.08
2024-10-09,Plumbing,Referral,Summer,New,44.39,5,131.02
2024-11-02,HVAC Repair,Flyers,Fall,Returning,91.08,7,141.2
2024-09-19,Cleaning,Flyers,Spring,Returning,149.52,9,377.22
2024-11-19,HVAC Repair,Google,Fall,New,10.86,8,368.62
2024-06-19,HVAC Repair,Google,Summer,New,179.57,2,12.06
2025-01-22,Electrician,Google,Spring,Returning,111.65,4,124.06
2024-09-04,Cleaning,Yelp,Spring,New,28.86,1,17.21
2024-06-23,Electrician,Flyers,Summer,New,30.89,3,126.04
2025-03-01,HVAC Repair,Yelp,Fall,New,32.21,8,58.71
2025-01-08,HVAC Repair,Referral,Spring,New,184.83,4,116.3
2024-06-19,Electrician,Referral,Summer,New,173,9,395.94
2025-02-01,Cleaning,Referral,Summer,Returning,76.97,3,55.78
2024-12-08,HVAC Repair,Flyers,Winter,New,72.69,9,439.66
2024-08-15,HVAC Repair,Yelp,Winter,New,168.63,5,149.82
2024-07-28,Electrician,Flyers,Fall,Returning,184.57,5,232.94
2025-01-05,Plumbing,Google,Spring,New,45.77,5,156.66
2024-07-09,HVAC Repair,Google,Fall,New,113.27,1,27.78
2024-10-02,HVAC Repair,Google,Summer,New,147.55,1,12.18
2025-03-31,Plumbing,Google,Fall,Returning,166.61,8,373.59
2024-11-25,Plumbing,Referral,Fall,Returning,198.17,4,139.33
2024-09-18,Plumbing,Yelp,Spring,New,141.53,3,16.46
2024-12-19,HVAC Repair,Referral,Winter,Returning,187.8,2,12.68
2024-10-02,HVAC Repair,Google,Summer,New,164.4,7,292.12
2024-06-15,HVAC Repair,Flyers,Summer,Returning,155.68,2,45.39
2025-04-26,Plumbing,Google,Winter,Returning,26.77,4,55.91
2024-08-21,HVAC Repair,Referral,Winter,Returning,14.58,1,14.79
2024-07-31,Electrician,Google,Fall,Returning,161.59,9,288.54
2024-08-20,Plumbing,Referral,Winter,New,14.54,2,86.43
2025-04-29,Cleaning,Flyers,Winter,New,85.05,3,46.04
2024-09-05,Plumbing,Flyers,Spring,Returning,97.75,2,15.13
2025-03-06,Plumbing,Referral,Fall,New,132.8,6,288.62
2024-05-04,HVAC Repair,Yelp,Spring,New,79.28,1,16.6
2024-05-16,Electrician,Flyers,Spring,Returning,197.15,3,77.77
2025-04-21,Plumbing,Google,Winter,New,24.49,3,71.04
2025-04-14,Cleaning,Referral,Winter,New,169.98,4,184.36
2025-01-09,Cleaning,Referral,Spring,Returning,177.08,9,167.65
2024-05-19,Cleaning,Yelp,Spring,New,54.24,7,107.05
2024-08-30,HVAC Repair,Google,Winter,New,137.28,2,54.86
2025-02-20,Cleaning,Yelp,Summer,New,129.48,2,74.48
2024-11-06,HVAC Repair,Google,Fall,Returning,96.29,10,148.24
2025-01-10,Electrician,Referral,Spring,Returning,149.04,1,28.68
2025-02-12,Electrician,Yelp,Summer,Returning,103.54,6,290.62
2024-11-17,Cleaning,Flyers,Fall,Returning,30.05,5,134.71
2024-09-20,Electrician,Referral,Spring,Returning,33.54,1,49.01
2024-05-10,Electrician,Google,Spring,Returning,129.56,1,35.79
2024-10-23,HVAC Repair,Referral,Summer,New,166.56,7,98.62
2025-03-06,Plumbing,Flyers,Fall,Returning,18.33,9,265.82
2024-09-20,Cleaning,Google,Spring,New,137,6,274.7
2025-03-23,Cleaning,Flyers,Fall,Returning,75.04,3,77.9
2024-05-06,Plumbing,Google,Spring,Returning,163.59,1,34.06
2024-08-01,Plumbing,Yelp,Winter,New,125.53,4,78.14
2024-09-04,HVAC Repair,Yelp,Spring,Returning,138.88,2,45.28
2024-12-08,Cleaning,Yelp,Winter,Returning,82.02,3,48.99
2024-08-27,Plumbing,Google,Winter,New,40.42,8,375.53
2024-05-03,Electrician,Flyers,Spring,New,135.5,5,192.14
2025-04-04,Cleaning,Google,Winter,Returning,184.46,5,248.89
2024-12-30,HVAC Repair,Referral,Winter,Returning,102.03,5,33.73
2024-08-17,Electrician,Flyers,Winter,New,143.48,3,144.32
2024-09-16,Electrician,Yelp,Spring,Returning,75.12,4,184.3
2024-10-08,HVAC Repair,Google,Summer,Returning,68.35,8,299.56
2025-01-26,Electrician,Google,Spring,New,129.16,4,192.62
2025-03-12,Electrician,Yelp,Fall,New,50.71,5,237.47
2024-07-30,HVAC Repair,Flyers,Fall,Returning,45.16,1,44.34
2025-01-09,Electrician,Referral,Spring,Returning,127.31,5,98.88
2024-12-24,Plumbing,Yelp,Winter,New,31.1,8,379.36
2024-06-28,HVAC Repair,Google,Summer,Returning,173.9,6,56.79
2024-06-27,Plumbing,Yelp,Summer,New,62.99,10,378.74
2024-10-19,Electrician,Google,Summer,New,34.76,2,21.8
2024-10-21,Plumbing,Referral,Summer,Returning,48.38,9,97.2
2025-01-16,HVAC Repair,Referral,Spring,New,10.21,3,55.31
2024-12-08,Electrician,Referral,Winter,Returning,58.71,3,31.43
2025-04-02,Electrician,Yelp,Winter,Returning,179.07,8,260.78
2025-03-05,HVAC Repair,Google,Fall,New,68.63,6,66.83
2024-07-08,HVAC Repair,Google,Fall,New,19.08,1,46.04
2024-08-24,Plumbing,Referral,Winter,Returning,83.7,8,363.87
2025-01-21,HVAC Repair,Yelp,Spring,New,146,6,179.83
2024-05-13,Electrician,Google,Spring,Returning,117.54,10,422.94
2024-06-02,Electrician,Google,Summer,New,174.07,4,56.01
2025-04-12,Electrician,Google,Winter,Returning,23.07,6,89.67
2024-11-07,Electrician,Referral,Fall,Returning,24.06,3,80.55
2025-02-10,Plumbing,Yelp,Summer,New,68.22,2,33.1
2024-05-12,Cleaning,Referral,Spring,New,120.12,7,134.81
2024-07-15,Plumbing,Referral,Fall,New,189.45,8,257.03
2024-06-24,Electrician,Google,Summer,Returning,17.56,3,27.83
2024-09-13,Cleaning,Yelp,Spring,Returning,87.54,9,423.31
2024-10-23,HVAC Repair,Flyers,Summer,New,195.97,6,167.85
2024-09-26,Plumbing,Yelp,Spring,Returning,59.7,10,321.57
2024-11-30,HVAC Repair,Flyers,Fall,Returning,21.68,3,127.25
2024-12-20,Plumbing,Referral,Winter,Returning,28.86,5,69.36
2024-09-02,Cleaning,Google,Spring,New,41.77,3,81.23
2024-11-10,Plumbing,Flyers,Fall,Returning,127.08,10,185.54
2024-08-14,HVAC Repair,Flyers,Winter,New,179.65,1,32.12
2024-11-17,Electrician,Flyers,Fall,Returning,135.89,7,179.33
2024-09-17,Plumbing,Flyers,Spring,New,71.43,8,227.02
2025-01-18,Electrician,Flyers,Spring,Returning,187.31,6,151.59
2024-07-05,HVAC Repair,Google,Fall,New,80.29,4,109.16
2025-01-16,Plumbing,Google,Spring,Returning,151.8,6,274.24
2025-03-16,Cleaning,Google,Fall,New,58.41,4,50.28
2025-03-24,HVAC Repair,Referral,Fall,Returning,120.98,4,115.7
2025-04-12,Electrician,Flyers,Winter,Returning,161.67,10,108.64
2025-02-21,Cleaning,Flyers,Summer,New,162.59,10,250.51
2024-09-07,HVAC Repair,Google,Spring,New,72.89,1,19.59